crop,region,fit_year_min,fit_year_max,evaluation_year_min,evaluation_year_max,n_fit,n_evaluation,trend_slope_t_ha_per_year,residual_scale_t_ha,future_access,excluded_evaluation_rows_insufficient_history,fold
Barley,Colorado,1990,2011,2012,2015,22,4,0.12862179559570722,0.3506499239217027,False,4,selection_validation
Barley,Kansas,1990,2011,2012,2015,22,4,0.003189723320158117,0.43515202275305986,False,4,selection_validation
Barley,Minnesota,1990,2011,2012,2015,22,4,0.00024184076792838449,0.49855344649939853,False,4,selection_validation
Barley,Montana,1990,2011,2012,2015,22,4,0.015037267080745147,0.34562382618918575,False,4,selection_validation
Barley,North Dakota,1990,2011,2012,2015,22,4,0.016739525691699772,0.35769377397716806,False,4,selection_validation
Barley,South Dakota,1990,2011,2012,2015,22,4,-0.0040399209486164395,0.41171613125404904,False,4,selection_validation
Barley,Washington,1990,2011,2012,2015,22,4,0.017681140598531445,0.46040356509393265,False,4,selection_validation
Canola,Minnesota,1997,2011,2012,2015,15,4,0.012569285714288364,0.2956831991769402,False,4,selection_validation
Canola,Montana,1999,2011,2012,2015,13,4,0.06731373626373335,0.27640471457781474,False,4,selection_validation
Canola,North Dakota,1991,2011,2012,2015,21,4,0.014004155844154898,0.16939936147576867,False,4,selection_validation
Canola,Oklahoma,2009,2011,2012,2015,3,4,-0.1401000000001495,0.2749919332150188,False,4,selection_validation
Oats,Colorado,1990,2011,2012,2015,22,4,0.015918746470920307,0.22448382481952575,False,4,selection_validation
Oats,Illinois,1990,2011,2012,2015,22,4,0.018896725014116125,0.29307453490698154,False,4,selection_validation
Oats,Iowa,1990,2011,2012,2015,22,4,0.019664539808017863,0.30699932380066897,False,4,selection_validation
Oats,Kansas,1990,2011,2012,2015,22,4,-0.0026121400338789506,0.25616796547261056,False,4,selection_validation
Oats,Minnesota,1990,2011,2012,2015,22,4,0.018146301524562484,0.28245996764980474,False,4,selection_validation
Oats,Montana,1990,2011,2012,2015,22,4,0.0018837944664031108,0.2422933421835573,False,4,selection_validation
Oats,Nebraska,1990,2011,2012,2015,22,4,0.02314771315640891,0.35454732317934584,False,4,selection_validation
Oats,North Dakota,1990,2011,2012,2015,22,4,0.000608074534161637,0.30490298300828444,False,4,selection_validation
Oats,Oklahoma,1990,2011,2012,2015,22,4,-0.006279559570863885,0.12960015983753947,False,4,selection_validation
Oats,South Dakota,1990,2011,2012,2015,22,4,0.026934726143421815,0.2936706447948232,False,4,selection_validation
Oats,Texas,1990,2011,2012,2015,22,4,0.00024302653867871012,0.19881512053668293,False,4,selection_validation
Oats,Washington,1990,2011,2012,2015,22,4,0.009782213438735083,0.40558608378129607,False,4,selection_validation
Wheat,Colorado,1990,2011,2012,2015,22,4,0.004674590626764239,0.41396739708492103,False,4,selection_validation
Wheat,Illinois,1990,2011,2012,2015,22,4,0.057568831168830735,0.45900827538373135,False,4,selection_validation
Wheat,Iowa,1990,2011,2012,2015,22,4,0.05228881987577574,0.5118665054530271,False,4,selection_validation
Wheat,Kansas,1990,2011,2012,2015,22,4,0.012417447769621434,0.412053333347437,False,4,selection_validation
Wheat,Minnesota,1990,2011,2012,2015,22,4,0.055670581592320814,0.5005409350739005,False,4,selection_validation
Wheat,Montana,1990,2011,2012,2015,22,4,0.004863975155279543,0.3220205631819854,False,4,selection_validation
Wheat,Nebraska,1990,2011,2012,2015,22,4,0.03231581027667936,0.29547095553321584,False,4,selection_validation
Wheat,North Dakota,1990,2011,2012,2015,22,4,0.018901919819311313,0.33074894576698327,False,4,selection_validation
Wheat,Oklahoma,1990,2011,2012,2015,22,4,0.0022204968944099265,0.38194116765966096,False,4,selection_validation
Wheat,South Dakota,1990,2011,2012,2015,22,4,0.04351394692264247,0.32276142939387187,False,4,selection_validation
Wheat,Texas,1990,2011,2012,2015,22,4,-0.004783568605307765,0.24938810793078245,False,4,selection_validation
Wheat,Washington,1990,2011,2012,2015,22,4,0.020934500282326154,0.39851827950047336,False,4,selection_validation
Barley,Colorado,1990,2015,2016,2025,26,10,0.10901627350427158,0.38158430319666475,False,10,final_test
Barley,Kansas,1990,2015,2018,2025,26,8,0.008424068376068072,0.44724356037436913,False,10,final_test
Barley,Minnesota,1990,2015,2016,2025,26,10,0.011274905982905222,0.5119775478479935,False,10,final_test
Barley,Montana,1990,2015,2016,2025,26,10,0.016517059829059745,0.3221923310534798,False,10,final_test
Barley,North Dakota,1990,2015,2016,2025,26,10,0.025826598290597354,0.3417442506150533,False,10,final_test
Barley,South Dakota,1990,2015,2018,2025,26,8,-0.003696923076923524,0.4199432250270909,False,10,final_test
Barley,Washington,1990,2015,2016,2025,26,10,0.010723658119658105,0.47602556724670503,False,10,final_test
Canola,Minnesota,1997,2015,2016,2025,19,10,0.02825701754385994,0.2892274224644999,False,10,final_test
Canola,Montana,1999,2015,2016,2025,17,10,0.03310269607843172,0.2954890895118241,False,10,final_test
Canola,North Dakota,1991,2015,2016,2025,25,10,0.019054384615384824,0.17776143599026356,False,10,final_test
Canola,Oklahoma,2009,2015,2016,2025,7,10,-0.08247142857143491,0.3072040596829941,False,10,final_test
Canola,Washington,2011,2015,2016,2025,5,10,-0.24659000000001696,0.12277201126479857,False,10,final_test
Oats,Colorado,1990,2015,2016,2018,26,3,0.016836307692307772,0.23040074623810744,False,10,final_test
Oats,Illinois,1990,2015,2016,2025,26,10,0.019460717948717256,0.27422635247434635,False,10,final_test
Oats,Iowa,1990,2015,2016,2025,26,10,0.012518871794871295,0.2937474968472073,False,10,final_test
Oats,Kansas,1990,2015,2016,2025,26,10,-0.0010669743589747072,0.2946093955533457,False,10,final_test
Oats,Minnesota,1990,2015,2016,2025,26,10,0.016357230769229875,0.2810742011377616,False,10,final_test
Oats,Montana,1990,2015,2016,2025,26,10,0.005860786324786582,0.2561170935889374,False,10,final_test
Oats,Nebraska,1990,2015,2016,2025,26,10,0.023126188034187527,0.34391446477275683,False,10,final_test
Oats,North Dakota,1990,2015,2016,2025,26,10,0.013526017094016839,0.31290385427055295,False,10,final_test
Oats,Oklahoma,1990,2015,2016,2023,26,8,-0.0016686153846153517,0.13386699682664363,False,10,final_test
Oats,South Dakota,1990,2015,2016,2025,26,10,0.0377792136752124,0.31102370251128547,False,10,final_test
Oats,Texas,1990,2015,2016,2025,26,10,0.0015569914529916392,0.19304323239914709,False,10,final_test
Oats,Washington,1990,2015,2016,2018,26,3,0.0028571282051282083,0.4025586799660392,False,10,final_test
Wheat,Colorado,1990,2015,2016,2025,26,10,0.002090905982905898,0.4046819613080583,False,10,final_test
Wheat,Illinois,1990,2015,2016,2025,26,10,0.05741114529914371,0.4223698849925864,False,10,final_test
Wheat,Iowa,1990,2015,2016,2018,26,3,0.04179986324786187,0.4807387091346461,False,10,final_test
Wheat,Kansas,1990,2015,2016,2025,26,10,0.0031267008547006996,0.4106584804182411,False,10,final_test
Wheat,Minnesota,1990,2015,2016,2025,26,10,0.06110389743589477,0.4639021497328593,False,10,final_test
Wheat,Montana,1990,2015,2016,2025,26,10,0.01306547008546991,0.30890231012962466,False,10,final_test
Wheat,Nebraska,1990,2015,2016,2025,26,10,0.02276239316239229,0.31797428232296376,False,10,final_test
Wheat,North Dakota,1990,2015,2016,2025,26,10,0.03604533333333183,0.34401093053832754,False,10,final_test
Wheat,Oklahoma,1990,2015,2016,2025,26,10,-0.004311692307692232,0.4006094550164978,False,10,final_test
Wheat,South Dakota,1990,2015,2016,2025,26,10,0.04758598290598121,0.32395560980073745,False,10,final_test
Wheat,Texas,1990,2015,2016,2025,26,10,-0.0024364786324785302,0.2332314950710128,False,10,final_test
Wheat,Washington,1990,2015,2016,2025,26,10,0.008462905982905868,0.44900631759970205,False,10,final_test
