scope,comparison,metric,delta_left_minus_right,ci95_low,ci95_high,n,n_boot,resampling_unit
overall,crop_train_mean_baseline_vs_zero,rmse_t_ha,1.3322676295501878e-15,-2.1094237467877974e-15,4.776734563449721e-15,333,2000,year_block
overall,crop_train_mean_baseline_vs_zero,mae_t_ha,4.107825191113079e-15,1.1102230246251563e-15,7.271960811294775e-15,333,2000,year_block
overall,crop_train_mean_baseline_vs_train_mean,rmse_t_ha,-2.1094237467877974e-15,-2.7755575615628917e-15,-1.1102230246251563e-15,333,2000,year_block
overall,crop_train_mean_baseline_vs_train_mean,mae_t_ha,-6.106226635438361e-16,-1.4432899320127037e-15,-5.551115123125783e-17,333,2000,year_block
overall,extra_trees_leaf_1_full_vs_zero,rmse_t_ha,-0.0121245141606807,-0.0293662890400524,0.0019502340837645,333,2000,year_block
overall,extra_trees_leaf_1_full_vs_zero,mae_t_ha,-0.022850886080289,-0.0397890953620243,-0.0065996522813501,333,2000,year_block
overall,extra_trees_leaf_1_full_vs_train_mean,rmse_t_ha,-0.0121245141606841,-0.0293662890400524,0.001950234083758,333,2000,year_block
overall,extra_trees_leaf_1_full_vs_train_mean,mae_t_ha,-0.0228508860802937,-0.0397890953620268,-0.0065996522813544,333,2000,year_block
overall,extra_trees_leaf_1_metadata_only_vs_zero,rmse_t_ha,2.220446049250313e-16,-4.66571226098722e-15,4.773959005888173e-15,333,2000,year_block
overall,extra_trees_leaf_1_metadata_only_vs_zero,mae_t_ha,-1.6653345369377348e-16,-3.774758283725532e-15,4.2757464235876266e-15,333,2000,year_block
overall,extra_trees_leaf_1_metadata_only_vs_train_mean,rmse_t_ha,-3.219646771412954e-15,-5.10702591327572e-15,-9.992007221626409e-16,333,2000,year_block
overall,extra_trees_leaf_1_metadata_only_vs_train_mean,mae_t_ha,-4.884981308350689e-15,-7.273348590075557e-15,-2.55351295663786e-15,333,2000,year_block
overall,extra_trees_leaf_1_weather_only_vs_zero,rmse_t_ha,-0.0054190995744907,-0.0193637161610029,0.0090775116752038,333,2000,year_block
overall,extra_trees_leaf_1_weather_only_vs_zero,mae_t_ha,-0.0189812441421222,-0.0341160427723094,-0.0038696983235575,333,2000,year_block
overall,extra_trees_leaf_1_weather_only_vs_train_mean,rmse_t_ha,-0.0054190995744941,-0.0193637161610025,0.0090775116751992,333,2000,year_block
overall,extra_trees_leaf_1_weather_only_vs_train_mean,mae_t_ha,-0.0189812441421269,-0.0341160427723126,-0.0038696983235638,333,2000,year_block
overall,extra_trees_leaf_2_full_vs_zero,rmse_t_ha,-0.009458837468358,-0.0237760956810355,0.0044965211076333,333,2000,year_block
overall,extra_trees_leaf_2_full_vs_zero,mae_t_ha,-0.0231977334027371,-0.0388207624572234,-0.0073065685762142,333,2000,year_block
overall,extra_trees_leaf_2_full_vs_train_mean,rmse_t_ha,-0.0094588374683615,-0.0237760956810358,0.0044965211076272,333,2000,year_block
overall,extra_trees_leaf_2_full_vs_train_mean,mae_t_ha,-0.0231977334027418,-0.0388207624572271,-0.0073065685762179,333,2000,year_block
overall,extra_trees_leaf_2_metadata_only_vs_zero,rmse_t_ha,2.220446049250313e-16,-4.66571226098722e-15,4.773959005888173e-15,333,2000,year_block
overall,extra_trees_leaf_2_metadata_only_vs_zero,mae_t_ha,-1.6653345369377348e-16,-3.774758283725532e-15,4.2757464235876266e-15,333,2000,year_block
overall,extra_trees_leaf_2_metadata_only_vs_train_mean,rmse_t_ha,-3.219646771412954e-15,-5.10702591327572e-15,-9.992007221626409e-16,333,2000,year_block
overall,extra_trees_leaf_2_metadata_only_vs_train_mean,mae_t_ha,-4.884981308350689e-15,-7.273348590075557e-15,-2.55351295663786e-15,333,2000,year_block
overall,extra_trees_leaf_2_weather_only_vs_zero,rmse_t_ha,-0.0046251491124421,-0.017702971880669,0.0091845484773846,333,2000,year_block
overall,extra_trees_leaf_2_weather_only_vs_zero,mae_t_ha,-0.0173903324731893,-0.0320005953523754,-0.002877126929516,333,2000,year_block
overall,extra_trees_leaf_2_weather_only_vs_train_mean,rmse_t_ha,-0.0046251491124456,-0.0177029718806712,0.009184548477379,333,2000,year_block
overall,extra_trees_leaf_2_weather_only_vs_train_mean,mae_t_ha,-0.017390332473194,-0.0320005953523782,-0.0028771269295209,333,2000,year_block
overall,random_forest_leaf_1_full_vs_zero,rmse_t_ha,-0.0124269255952453,-0.0264476428595852,0.0009140893307282,333,2000,year_block
overall,random_forest_leaf_1_full_vs_zero,mae_t_ha,-0.0211248039294667,-0.0372816557394308,-0.0039885793432636,333,2000,year_block
overall,random_forest_leaf_1_full_vs_train_mean,rmse_t_ha,-0.0124269255952488,-0.0264476428595849,0.0009140893307222,333,2000,year_block
overall,random_forest_leaf_1_full_vs_train_mean,mae_t_ha,-0.0211248039294714,-0.0372816557394355,-0.0039885793432674,333,2000,year_block
overall,random_forest_leaf_1_metadata_only_vs_zero,rmse_t_ha,0.0004233018085875,0.0002407810757134,0.000620922941693,333,2000,year_block
overall,random_forest_leaf_1_metadata_only_vs_zero,mae_t_ha,0.000473655224555,0.0002267500496854,0.0007452079606763,333,2000,year_block
overall,random_forest_leaf_1_metadata_only_vs_train_mean,rmse_t_ha,0.000423301808584,0.0002407810757101,0.0006209229416866,333,2000,year_block
overall,random_forest_leaf_1_metadata_only_vs_train_mean,mae_t_ha,0.0004736552245503,0.0002267500496817,0.0007452079606701,333,2000,year_block
overall,random_forest_leaf_1_weather_only_vs_zero,rmse_t_ha,-0.0075500434781555,-0.0213075985096594,0.0054739384765789,333,2000,year_block
overall,random_forest_leaf_1_weather_only_vs_zero,mae_t_ha,-0.018765650570468,-0.0331986827670353,-0.0036608367472946,333,2000,year_block
overall,random_forest_leaf_1_weather_only_vs_train_mean,rmse_t_ha,-0.007550043478159,-0.0213075985096639,0.0054739384765744,333,2000,year_block
overall,random_forest_leaf_1_weather_only_vs_train_mean,mae_t_ha,-0.0187656505704728,-0.0331986827670367,-0.0036608367473011,333,2000,year_block
overall,random_forest_leaf_2_full_vs_zero,rmse_t_ha,-0.0102662150893846,-0.0244579681865522,0.0030409199514668,333,2000,year_block
overall,random_forest_leaf_2_full_vs_zero,mae_t_ha,-0.0209718961812551,-0.0368780258117408,-0.004368596944965,333,2000,year_block
overall,random_forest_leaf_2_full_vs_train_mean,rmse_t_ha,-0.010266215089388,-0.0244579681865527,0.0030409199514596,333,2000,year_block
overall,random_forest_leaf_2_full_vs_train_mean,mae_t_ha,-0.0209718961812598,-0.0368780258117475,-0.0043685969449693,333,2000,year_block
overall,random_forest_leaf_2_metadata_only_vs_zero,rmse_t_ha,0.0004040898539605,0.0002200561173251,0.0006017625040587,333,2000,year_block
overall,random_forest_leaf_2_metadata_only_vs_zero,mae_t_ha,0.0004605416608026,0.0002134837700889,0.0007323037806869,333,2000,year_block
overall,random_forest_leaf_2_metadata_only_vs_train_mean,rmse_t_ha,0.0004040898539571,0.0002200561173244,0.0006017625040539,333,2000,year_block
overall,random_forest_leaf_2_metadata_only_vs_train_mean,mae_t_ha,0.0004605416607978,0.0002134837700848,0.0007323037806807,333,2000,year_block
overall,random_forest_leaf_2_weather_only_vs_zero,rmse_t_ha,-0.0074189752585873,-0.0221088868509251,0.0061278297452372,333,2000,year_block
overall,random_forest_leaf_2_weather_only_vs_zero,mae_t_ha,-0.0188333340853998,-0.034149935402214,-0.0033386690223736,333,2000,year_block
overall,random_forest_leaf_2_weather_only_vs_train_mean,rmse_t_ha,-0.0074189752585908,-0.0221088868509264,0.0061278297452312,333,2000,year_block
overall,random_forest_leaf_2_weather_only_vs_train_mean,mae_t_ha,-0.0188333340854045,-0.0341499354022184,-0.0033386690223771,333,2000,year_block
overall,ridge_alpha_1_full_vs_zero,rmse_t_ha,0.0109711092598508,-0.0109237783250589,0.0301665156565311,333,2000,year_block
overall,ridge_alpha_1_full_vs_zero,mae_t_ha,0.0209593614438665,-0.0032793571515242,0.0434326713342331,333,2000,year_block
overall,ridge_alpha_1_full_vs_train_mean,rmse_t_ha,0.0109711092598474,-0.0109237783250586,0.030166515656526,333,2000,year_block
overall,ridge_alpha_1_full_vs_train_mean,mae_t_ha,0.0209593614438618,-0.0032793571515265,0.0434326713342273,333,2000,year_block
overall,ridge_alpha_1_metadata_only_vs_zero,rmse_t_ha,-8.881784197001252e-16,-4.884981308350689e-15,2.664535259100376e-15,333,2000,year_block
overall,ridge_alpha_1_metadata_only_vs_zero,mae_t_ha,2.664535259100376e-15,-1.3322676295501878e-15,6.772360450213455e-15,333,2000,year_block
overall,ridge_alpha_1_metadata_only_vs_train_mean,rmse_t_ha,-4.329869796038111e-15,-6.106226635438361e-15,-2.4424906541753444e-15,333,2000,year_block
overall,ridge_alpha_1_metadata_only_vs_train_mean,mae_t_ha,-2.05391259555654e-15,-4.496403249731884e-15,1.3877787807738726e-18,333,2000,year_block
overall,ridge_alpha_1_weather_only_vs_zero,rmse_t_ha,0.0010344616507548,-0.0090559703541641,0.0089485180700299,333,2000,year_block
overall,ridge_alpha_1_weather_only_vs_zero,mae_t_ha,0.0024552415129758,-0.006378411735453,0.0106834864277213,333,2000,year_block
overall,ridge_alpha_1_weather_only_vs_train_mean,rmse_t_ha,0.0010344616507513,-0.0090559703541701,0.0089485180700254,333,2000,year_block
overall,ridge_alpha_1_weather_only_vs_train_mean,mae_t_ha,0.0024552415129711,-0.0063784117354561,0.0106834864277173,333,2000,year_block
overall,ridge_alpha_10_full_vs_zero,rmse_t_ha,0.0053250345590086,-0.0072943114811073,0.0172884587683591,333,2000,year_block
overall,ridge_alpha_10_full_vs_zero,mae_t_ha,0.0079746694910403,-0.0047632886890245,0.0205142125203104,333,2000,year_block
overall,ridge_alpha_10_full_vs_train_mean,rmse_t_ha,0.0053250345590052,-0.0072943114811113,0.0172884587683538,333,2000,year_block
overall,ridge_alpha_10_full_vs_train_mean,mae_t_ha,0.0079746694910355,-0.0047632886890308,0.0205142125203038,333,2000,year_block
overall,ridge_alpha_10_metadata_only_vs_zero,rmse_t_ha,-4.440892098500626e-16,-4.440892098500626e-15,2.997602166487923e-15,333,2000,year_block
overall,ridge_alpha_10_metadata_only_vs_zero,mae_t_ha,2.8310687127941488e-15,-9.992007221626409e-16,6.8833827526759706e-15,333,2000,year_block
overall,ridge_alpha_10_metadata_only_vs_train_mean,rmse_t_ha,-3.885780586188048e-15,-5.551115123125783e-15,-2.1094237467877974e-15,333,2000,year_block
overall,ridge_alpha_10_metadata_only_vs_train_mean,mae_t_ha,-1.887379141862766e-15,-4.107825191113079e-15,1.6653345369377348e-16,333,2000,year_block
overall,ridge_alpha_10_weather_only_vs_zero,rmse_t_ha,0.0006334179964916,-0.008238210277104,0.0074187879239644,333,2000,year_block
overall,ridge_alpha_10_weather_only_vs_zero,mae_t_ha,0.0006572397626183,-0.0061210030513853,0.0069159377942811,333,2000,year_block
overall,ridge_alpha_10_weather_only_vs_train_mean,rmse_t_ha,0.0006334179964881,-0.0082382102771075,0.007418787923959,333,2000,year_block
overall,ridge_alpha_10_weather_only_vs_train_mean,mae_t_ha,0.0006572397626136,-0.00612100305139,0.0069159377942769,333,2000,year_block
overall,train_mean_baseline_vs_zero,rmse_t_ha,3.4416913763379853e-15,0.0,6.661338147750939e-15,333,2000,year_block
overall,train_mean_baseline_vs_zero,mae_t_ha,4.718447854656915e-15,1.9984014443252818e-15,7.605027718682322e-15,333,2000,year_block
overall,extra_trees_leaf_1_full_vs_weather_only,rmse_t_ha,-0.00670541458619,-0.0136758588145011,0.0009390736455165,333,2000,year_block
overall,extra_trees_leaf_1_full_vs_weather_only,mae_t_ha,-0.0038696419381668,-0.0080864240077428,0.0003927873785603,333,2000,year_block
overall,extra_trees_leaf_1_full_vs_metadata_only,rmse_t_ha,-0.012124514160681055,-0.02936628904004752,0.0019502340837606342,333,2000,year_block
overall,extra_trees_leaf_1_full_vs_metadata_only,mae_t_ha,-0.02285088608028879,-0.03978909536201982,-0.00659965228135024,333,2000,year_block
overall,extra_trees_leaf_1_weather_only_vs_metadata_only,rmse_t_ha,-0.005419099574491049,-0.019363716160996775,0.009077511675201743,333,2000,year_block
overall,extra_trees_leaf_1_weather_only_vs_metadata_only,mae_t_ha,-0.018981244142122045,-0.03411604277230914,-0.0038696983235621215,333,2000,year_block
