county_fips,train_year_count,retained
08001,16,True
08003,6,False
08005,16,True
08009,11,True
08011,7,False
08013,9,False
08014,1,False
08017,14,True
08021,6,False
08023,5,False
08025,6,False
08029,7,False
08031,1,False
08033,10,True
08035,10,True
08039,11,True
08041,6,False
08045,6,False
08061,17,True
08063,17,True
08067,9,False
08069,12,True
08071,9,False
08073,16,True
08075,15,True
08077,14,True
08081,8,False
08083,12,True
08085,6,False
08087,13,True
08089,11,True
08095,15,True
08099,15,True
08101,8,False
08103,5,False
08105,6,False
08107,8,False
08109,5,False
08113,6,False
08115,16,True
08121,16,True
08123,15,True
08125,13,True
17001,12,True
17003,15,True
17005,12,True
17007,18,True
17009,15,True
17011,13,True
17013,13,True
17015,11,True
17017,15,True
17019,11,True
17021,15,True
17023,18,True
17025,16,True
17027,18,True
17029,13,True
17033,19,True
17035,18,True
17037,19,True
17041,12,True
17045,15,True
17047,17,True
17049,16,True
17051,12,True
17053,14,True
17055,19,True
17057,12,True
17059,18,True
17061,17,True
17063,6,False
17065,14,True
17067,16,True
17071,9,False
17073,13,True
17075,19,True
17077,15,True
17079,15,True
17081,13,True
17083,17,True
17085,5,False
17087,6,False
17089,17,True
17091,14,True
17093,11,True
17095,16,True
17097,16,True
17099,14,True
17101,19,True
17103,14,True
17105,16,True
17107,10,True
17109,6,False
17111,18,True
17113,15,True
17115,6,False
17117,16,True
17119,18,True
17121,18,True
17123,16,True
17125,19,True
17127,16,True
17129,12,True
17131,7,False
17133,19,True
17135,17,True
17137,17,True
17139,10,True
17141,18,True
17143,14,True
17145,16,True
17147,8,False
17149,17,True
17153,16,True
17155,4,False
17157,19,True
17159,18,True
17161,3,False
17163,19,True
17165,15,True
17167,14,True
17169,17,True
17171,14,True
17173,16,True
17175,4,False
17177,19,True
17179,16,True
17181,13,True
17183,16,True
17185,17,True
17187,3,False
17189,19,True
17191,15,True
17193,19,True
17195,14,True
17197,14,True
17199,10,True
17201,18,True
17203,16,True
19007,1,False
19039,1,False
19043,1,False
19051,5,False
19053,3,False
19055,1,False
19057,8,False
19085,3,False
19087,3,False
19095,2,False
19101,9,False
19103,7,False
19107,5,False
19111,9,False
19115,5,False
19119,1,False
19123,1,False
19129,2,False
19135,5,False
19139,4,False
19145,3,False
19155,1,False
19159,2,False
19167,1,False
19177,9,False
19179,1,False
19183,6,False
19185,4,False
20001,14,True
20003,18,True
20005,17,True
20007,15,True
20009,19,True
20011,19,True
20013,18,True
20015,18,True
20017,18,True
20019,18,True
20021,17,True
20023,18,True
20025,18,True
20027,18,True
20029,16,True
20031,15,True
20033,18,True
20035,17,True
20037,15,True
20039,18,True
20041,19,True
20043,8,False
20045,18,True
20047,18,True
20049,18,True
20051,18,True
20053,17,True
20055,16,True
20057,19,True
20059,17,True
20061,19,True
20063,18,True
20065,13,True
20067,17,True
20069,18,True
20071,18,True
20073,16,True
20075,18,True
20077,19,True
20079,19,True
20081,14,True
20083,15,True
20085,18,True
20087,17,True
20089,19,True
20091,16,True
20093,17,True
20095,19,True
20097,15,True
20099,17,True
20101,16,True
20103,19,True
20105,16,True
20107,16,True
20109,16,True
20111,17,True
20113,19,True
20115,19,True
20117,16,True
20119,16,True
20121,18,True
20123,19,True
20125,18,True
20127,19,True
20129,19,True
20131,14,True
20133,18,True
20135,17,True
20137,17,True
20139,19,True
20141,18,True
20143,19,True
20145,19,True
20147,19,True
20149,19,True
20151,17,True
20153,18,True
20155,19,True
20157,19,True
20159,16,True
20161,16,True
20163,18,True
20165,16,True
20167,17,True
20169,19,True
20171,16,True
20173,19,True
20175,18,True
20177,19,True
20179,15,True
20181,19,True
20183,19,True
20185,17,True
20187,14,True
20189,18,True
20191,19,True
20193,14,True
20195,15,True
20197,16,True
20199,16,True
20201,16,True
20203,18,True
20205,18,True
20207,17,True
20209,8,False
27009,2,False
27019,2,False
27029,4,False
27059,1,False
27069,6,False
27073,1,False
27077,2,False
27079,2,False
27085,2,False
27089,6,False
27107,2,False
27111,1,False
27113,7,False
27117,1,False
27119,3,False
27121,1,False
27125,3,False
27135,8,False
27143,2,False
27145,2,False
27153,1,False
27173,2,False
30001,2,False
30003,19,True
30005,17,True
30007,17,True
30009,13,True
30011,18,True
30013,19,True
30015,19,True
30017,15,True
30019,3,False
30021,12,True
30025,13,True
30027,19,True
30029,18,True
30031,16,True
30033,17,True
30035,17,True
30037,18,True
30041,19,True
30043,3,False
30045,19,True
30047,16,True
30049,9,False
30051,19,True
30055,16,True
30057,9,False
30059,9,False
30061,1,False
30063,9,False
30065,17,True
30067,19,True
30069,15,True
30071,17,True
30073,19,True
30075,12,True
30079,18,True
30081,6,False
30083,15,True
30085,13,True
30087,15,True
30089,1,False
30091,4,False
30095,19,True
30097,5,False
30099,19,True
30101,18,True
30103,9,False
30105,16,True
30107,18,True
30109,10,True
30111,18,True
31001,15,True
31003,5,False
31005,1,False
31007,18,True
31009,1,False
31011,7,False
31013,19,True
31015,14,True
31017,2,False
31019,17,True
31023,15,True
31025,12,True
31027,7,False
31029,19,True
31031,9,False
31033,18,True
31035,19,True
31037,12,True
31039,1,False
31041,18,True
31045,18,True
31047,15,True
31049,19,True
31053,2,False
31055,6,False
31057,19,True
31059,18,True
31061,18,True
31063,17,True
31065,19,True
31067,19,True
31069,17,True
31073,18,True
31077,5,False
31079,6,False
31081,17,True
31083,18,True
31085,18,True
31087,19,True
31089,12,True
31093,13,True
31095,19,True
31097,19,True
31099,18,True
31101,19,True
31103,5,False
31105,19,True
31107,10,True
31109,18,True
31111,18,True
31113,11,True
31117,1,False
31119,5,False
31121,12,True
31123,19,True
31125,13,True
31127,18,True
31129,18,True
31131,17,True
31133,19,True
31135,19,True
31137,16,True
31139,7,False
31141,12,True
31143,9,False
31145,17,True
31147,17,True
31149,2,False
31151,19,True
31153,6,False
31155,16,True
31157,14,True
31159,16,True
31161,19,True
31163,9,False
31165,16,True
31167,4,False
31169,18,True
31173,5,False
31175,12,True
31177,6,False
31179,2,False
31181,18,True
31183,1,False
31185,8,False
38001,10,True
38003,10,True
38005,11,True
38007,4,False
38009,13,True
38011,11,True
38013,5,False
38015,12,True
38017,9,False
38019,8,False
38021,12,True
38023,8,False
38025,13,True
38027,8,False
38029,13,True
38031,7,False
38033,11,True
38035,11,True
38037,13,True
38039,10,True
38041,12,True
38043,11,True
38045,5,False
38047,12,True
38049,12,True
38051,12,True
38053,11,True
38055,14,True
38057,8,False
38059,9,False
38061,6,False
38063,11,True
38065,3,False
38067,4,False
38069,10,True
38071,13,True
38073,11,True
38075,9,False
38077,1,False
38079,11,True
38081,9,False
38083,6,False
38085,8,False
38087,4,False
38089,13,True
38091,7,False
38093,11,True
38095,12,True
38097,8,False
38099,5,False
38101,16,True
38103,9,False
38105,8,False
40001,4,False
40003,18,True
40005,3,False
40007,18,True
40009,18,True
40011,19,True
40013,14,True
40015,18,True
40017,19,True
40019,11,True
40021,4,False
40023,8,False
40025,16,True
40027,17,True
40029,8,False
40031,17,True
40033,19,True
40035,19,True
40037,16,True
40039,19,True
40041,11,True
40043,19,True
40045,16,True
40047,18,True
40049,18,True
40051,19,True
40053,19,True
40055,17,True
40057,14,True
40059,17,True
40061,4,False
40063,9,False
40065,18,True
40067,15,True
40069,9,False
40071,19,True
40073,19,True
40075,19,True
40079,9,False
40081,17,True
40083,19,True
40085,14,True
40087,19,True
40089,8,False
40091,5,False
40093,17,True
40095,9,False
40097,19,True
40099,8,False
40101,14,True
40103,19,True
40105,16,True
40107,8,False
40109,18,True
40111,11,True
40113,17,True
40115,18,True
40117,16,True
40119,18,True
40121,6,False
40123,8,False
40125,18,True
40129,17,True
40131,16,True
40133,8,False
40135,12,True
40137,17,True
40139,18,True
40141,17,True
40143,9,False
40145,18,True
40147,17,True
40149,18,True
40151,19,True
40153,16,True
46003,17,True
46005,15,True
46007,11,True
46009,16,True
46011,13,True
46013,9,False
46015,18,True
46017,9,False
46019,9,False
46021,11,True
46023,18,True
46025,10,True
46027,9,False
46029,12,True
46031,12,True
46033,9,False
46035,16,True
46037,10,True
46039,10,True
46041,12,True
46043,18,True
46045,9,False
46047,11,True
46049,11,True
46051,12,True
46053,12,True
46055,16,True
46057,13,True
46059,17,True
46061,15,True
46063,9,False
46065,16,True
46067,16,True
46069,9,False
46071,9,False
46073,9,False
46075,16,True
46077,15,True
46079,6,False
46081,4,False
46083,4,False
46085,19,True
46087,6,False
46089,8,False
46091,6,False
46093,16,True
46095,12,True
46097,13,True
46099,2,False
46101,4,False
46102,12,True
46103,14,True
46105,8,False
46107,15,True
46109,6,False
46111,14,True
46115,15,True
46117,9,False
46119,17,True
46121,12,True
46123,18,True
46125,17,True
46127,1,False
46129,12,True
46135,14,True
46137,17,True
48001,7,False
48003,7,False
48005,1,False
48009,19,True
48011,19,True
48013,13,True
48017,15,True
48021,3,False
48023,18,True
48025,7,False
48027,19,True
48029,18,True
48033,9,False
48035,16,True
48037,11,True
48039,3,False
48041,1,False
48045,18,True
48049,16,True
48051,8,False
48053,1,False
48055,13,True
48057,1,False
48059,19,True
48065,19,True
48069,14,True
48071,4,False
48075,17,True
48077,19,True
48079,13,True
48081,17,True
48083,19,True
48085,18,True
48087,17,True
48089,4,False
48091,1,False
48093,11,True
48095,19,True
48097,19,True
48099,19,True
48101,15,True
48107,16,True
48109,2,False
48111,19,True
48113,12,True
48115,14,True
48117,19,True
48119,18,True
48121,19,True
48123,6,False
48125,15,True
48127,2,False
48129,17,True
48131,2,False
48133,15,True
48137,2,False
48139,19,True
48141,4,False
48143,8,False
48145,17,True
48147,19,True
48151,14,True
48153,18,True
48155,18,True
48157,1,False
48159,4,False
48163,17,True
48165,12,True
48169,7,False
48171,18,True
48173,14,True
48175,1,False
48177,3,False
48179,16,True
48181,19,True
48187,18,True
48189,13,True
48191,13,True
48193,19,True
48195,15,True
48197,19,True
48199,1,False
48201,1,False
48205,14,True
48207,18,True
48209,12,True
48211,18,True
48213,5,False
48217,19,True
48219,12,True
48221,7,False
48223,7,False
48225,6,False
48227,9,False
48229,3,False
48231,17,True
48233,18,True
48235,6,False
48237,13,True
48239,4,False
48249,5,False
48251,19,True
48253,19,True
48255,8,False
48257,16,True
48263,12,True
48267,3,False
48269,9,False
48271,6,False
48273,3,False
48275,19,True
48277,18,True
48279,15,True
48281,13,True
48283,4,False
48291,4,False
48293,13,True
48295,18,True
48297,7,False
48299,2,False
48303,17,True
48305,17,True
48307,19,True
48309,19,True
48311,5,False
48317,10,True
48319,9,False
48321,1,False
48325,18,True
48327,10,True
48329,9,False
48331,18,True
48333,14,True
48335,11,True
48337,15,True
48341,19,True
48345,8,False
48349,19,True
48353,17,True
48355,6,False
48357,19,True
48359,18,True
48363,8,False
48367,8,False
48369,17,True
48371,8,False
48375,16,True
48379,4,False
48381,19,True
48383,13,True
48387,11,True
48389,9,False
48393,16,True
48395,7,False
48397,7,False
48399,19,True
48401,1,False
48411,17,True
48413,14,True
48415,14,True
48417,17,True
48421,17,True
48429,9,False
48431,7,False
48433,12,True
48435,7,False
48437,18,True
48439,10,True
48441,19,True
48445,11,True
48447,18,True
48451,19,True
48453,17,True
48455,1,False
48459,1,False
48461,12,True
48463,18,True
48467,5,False
48469,1,False
48473,1,False
48477,3,False
48481,9,False
48483,18,True
48485,19,True
48487,17,True
48489,1,False
48491,19,True
48493,14,True
48495,2,False
48497,16,True
48499,4,False
48501,12,True
48503,19,True
48507,17,True
53001,19,True
53003,18,True
53005,15,True
53013,19,True
53017,19,True
53021,18,True
53023,18,True
53025,18,True
53037,1,False
53039,17,True
53043,18,True
53047,13,True
53057,8,False
53061,2,False
53063,17,True
53065,12,True
53071,19,True
53073,1,False
53075,19,True
53077,17,True
