index,row_id,region,crop,year,trend_residual_z,is_low_yield_anomaly,predicted_residual_z,prediction_seed_sd,anomaly_risk,queue_rank,gate_a_status,gate_b1_status,explanation_available,decision,reason_code
61,Barley|Washington|2021|spring,Washington,Barley,2021,-3.124975939944646,True,-0.3420267030095526,,0.3420267030095526,1,FAIL,FAIL,False,ABSTAIN,GATE_A_FAIL;GATE_B1_FAIL
111,Canola|Washington|2021|spring,Washington,Canola,2021,12.051118041952996,False,-0.3420267030095526,,0.3420267030095526,2,FAIL,FAIL,False,ABSTAIN,GATE_A_FAIL;GATE_B1_FAIL
222,Wheat|Colorado|2018|winter,Colorado,Wheat,2018,0.3437708957725915,False,-0.3137909479700966,,0.3137909479700966,3,FAIL,FAIL,False,ABSTAIN,GATE_A_FAIL;GATE_B1_FAIL
245,Wheat|Kansas|2018|winter,Kansas,Wheat,2018,-0.0928771427925751,False,-0.3011713248611151,,0.3011713248611151,4,FAIL,FAIL,False,ABSTAIN,GATE_A_FAIL;GATE_B1_FAIL
115,Canola|Washington|2025|spring,Washington,Canola,2025,24.01117298340947,False,-0.2979524516738077,,0.2979524516738077,5,FAIL,FAIL,False,ABSTAIN,GATE_A_FAIL;GATE_B1_FAIL
65,Barley|Washington|2025|spring,Washington,Barley,2025,-1.9718753392853352,True,-0.2979524516738077,,0.2979524516738077,6,FAIL,FAIL,False,ABSTAIN,GATE_A_FAIL;GATE_B1_FAIL
246,Wheat|Kansas|2019|winter,Kansas,Wheat,2019,2.192411835507588,False,-0.2843767480777086,,0.2843767480777086,7,FAIL,FAIL,False,ABSTAIN,GATE_A_FAIL;GATE_B1_FAIL
221,Wheat|Colorado|2017|winter,Colorado,Wheat,2017,1.528629505316348,False,-0.2717084722934525,,0.2717084722934525,8,FAIL,FAIL,False,ABSTAIN,GATE_A_FAIL;GATE_B1_FAIL
279,Wheat|Nebraska|2022|winter,Nebraska,Wheat,2022,-2.9740834522005,True,-0.2598241064240931,,0.2598241064240931,9,FAIL,FAIL,False,ABSTAIN,GATE_A_FAIL;GATE_B1_FAIL
229,Wheat|Colorado|2025|winter,Colorado,Wheat,2025,0.6231598207303576,False,-0.253784311823369,,0.253784311823369,10,FAIL,FAIL,False,ABSTAIN,GATE_A_FAIL;GATE_B1_FAIL
330,Wheat|Washington|2023|winter,Washington,Wheat,2023,-1.676139589706665,True,-0.2362538640313619,,0.2362538640313619,11,FAIL,FAIL,False,ABSTAIN,GATE_A_FAIL;GATE_B1_FAIL
90,Canola|North Dakota|2020|spring,North Dakota,Canola,2020,1.4113042018416728,False,-0.2269505627773319,,0.2269505627773319,12,FAIL,FAIL,False,ABSTAIN,GATE_A_FAIL;GATE_B1_FAIL
287,Wheat|North Dakota|2020|spring,North Dakota,Wheat,2020,0.5602207202558005,False,-0.2269505627773319,,0.2269505627773319,13,FAIL,FAIL,False,ABSTAIN,GATE_A_FAIL;GATE_B1_FAIL
42,Barley|North Dakota|2020|spring,North Dakota,Barley,2020,-0.1718674147377683,False,-0.2269505627773319,,0.2269505627773319,14,FAIL,FAIL,False,ABSTAIN,GATE_A_FAIL;GATE_B1_FAIL
183,Oats|North Dakota|2020|spring,North Dakota,Oats,2020,1.5491195249590508,False,-0.2269505627773319,,0.2269505627773319,15,FAIL,FAIL,False,ABSTAIN,GATE_A_FAIL;GATE_B1_FAIL
288,Wheat|North Dakota|2021|spring,North Dakota,Wheat,2021,-2.554928358456213,True,-0.2239692718040694,,0.2239692718040694,16,FAIL,FAIL,False,ABSTAIN,GATE_A_FAIL;GATE_B1_FAIL
184,Oats|North Dakota|2021|spring,North Dakota,Oats,2021,-1.932863845408624,True,-0.2239692718040694,,0.2239692718040694,17,FAIL,FAIL,False,ABSTAIN,GATE_A_FAIL;GATE_B1_FAIL
91,Canola|North Dakota|2021|spring,North Dakota,Canola,2021,-2.6686267492961835,True,-0.2239692718040694,,0.2239692718040694,18,FAIL,FAIL,False,ABSTAIN,GATE_A_FAIL;GATE_B1_FAIL
43,Barley|North Dakota|2021|spring,North Dakota,Barley,2021,-2.136864915301484,True,-0.2239692718040694,,0.2239692718040694,19,FAIL,FAIL,False,ABSTAIN,GATE_A_FAIL;GATE_B1_FAIL
226,Wheat|Colorado|2022|winter,Colorado,Wheat,2022,-1.5215547082935477,True,-0.2133607796296366,,0.2133607796296366,20,FAIL,FAIL,False,ABSTAIN,GATE_A_FAIL;GATE_B1_FAIL
319,Wheat|Texas|2022|winter,Texas,Wheat,2022,0.1370699340211042,False,-0.2126164531593451,,0.2126164531593451,21,FAIL,FAIL,False,ABSTAIN,GATE_A_FAIL;GATE_B1_FAIL
164,Oats|Montana|2021|spring,Montana,Oats,2021,-2.793139227180463,True,-0.2115602123036316,,0.2115602123036316,22,FAIL,FAIL,False,ABSTAIN,GATE_A_FAIL;GATE_B1_FAIL
81,Canola|Montana|2021|spring,Montana,Canola,2021,-3.0877902627156564,True,-0.2115602123036316,,0.2115602123036316,23,FAIL,FAIL,False,ABSTAIN,GATE_A_FAIL;GATE_B1_FAIL
268,Wheat|Montana|2021|spring,Montana,Wheat,2021,-2.97206123454155,True,-0.2115602123036316,,0.2115602123036316,24,FAIL,FAIL,False,ABSTAIN,GATE_A_FAIL;GATE_B1_FAIL
33,Barley|Montana|2021|spring,Montana,Barley,2021,-2.8622542723256554,True,-0.2115602123036316,,0.2115602123036316,25,FAIL,FAIL,False,ABSTAIN,GATE_A_FAIL;GATE_B1_FAIL
250,Wheat|Kansas|2023|winter,Kansas,Wheat,2023,-0.6221088879939807,False,-0.2029813047223632,,0.2029813047223632,26,FAIL,FAIL,False,ABSTAIN,GATE_A_FAIL;GATE_B1_FAIL
106,Canola|Washington|2016|spring,Washington,Canola,2016,10.225376183602071,False,-0.1826670960627429,,0.1826670960627429,27,FAIL,FAIL,False,ABSTAIN,GATE_A_FAIL;GATE_B1_FAIL
217,Oats|Washington|2016|spring,Washington,Oats,2016,-0.9079757974474088,False,-0.1826670960627429,,0.1826670960627429,28,FAIL,FAIL,False,ABSTAIN,GATE_A_FAIL;GATE_B1_FAIL
56,Barley|Washington|2016|spring,Washington,Barley,2016,1.3956179916897795,False,-0.1826670960627429,,0.1826670960627429,29,FAIL,FAIL,False,ABSTAIN,GATE_A_FAIL;GATE_B1_FAIL
180,Oats|North Dakota|2017|spring,North Dakota,Oats,2017,-0.6135957611646562,False,-0.1690546422683121,,0.1690546422683121,30,FAIL,FAIL,False,ABSTAIN,GATE_A_FAIL;GATE_B1_FAIL
87,Canola|North Dakota|2017|spring,North Dakota,Canola,2017,-0.600025444333263,False,-0.1690546422683121,,0.1690546422683121,31,FAIL,FAIL,False,ABSTAIN,GATE_A_FAIL;GATE_B1_FAIL
39,Barley|North Dakota|2017|spring,North Dakota,Barley,2017,0.3697065679662422,False,-0.1690546422683121,,0.1690546422683121,32,FAIL,FAIL,False,ABSTAIN,GATE_A_FAIL;GATE_B1_FAIL
284,Wheat|North Dakota|2017|spring,North Dakota,Wheat,2017,-1.0216011106624034,True,-0.1690546422683121,,0.1690546422683121,33,FAIL,FAIL,False,ABSTAIN,GATE_A_FAIL;GATE_B1_FAIL
264,Wheat|Montana|2017|spring,Montana,Wheat,2017,-1.692492039426055,True,-0.1636216305263413,,0.1636216305263413,34,FAIL,FAIL,False,ABSTAIN,GATE_A_FAIL;GATE_B1_FAIL
77,Canola|Montana|2017|spring,Montana,Canola,2017,-2.7916345418451827,True,-0.1636216305263413,,0.1636216305263413,35,FAIL,FAIL,False,ABSTAIN,GATE_A_FAIL;GATE_B1_FAIL
29,Barley|Montana|2017|spring,Montana,Barley,2017,-0.4864427909866429,False,-0.1636216305263413,,0.1636216305263413,36,FAIL,FAIL,False,ABSTAIN,GATE_A_FAIL;GATE_B1_FAIL
160,Oats|Montana|2017|spring,Montana,Oats,2017,-1.0211249545698426,True,-0.1636216305263413,,0.1636216305263413,37,FAIL,FAIL,False,ABSTAIN,GATE_A_FAIL;GATE_B1_FAIL
295,Wheat|Oklahoma|2018|winter,Oklahoma,Wheat,2018,-0.0753743875227476,False,-0.1616777633942233,,0.1616777633942233,38,FAIL,FAIL,False,ABSTAIN,GATE_A_FAIL;GATE_B1_FAIL
234,Wheat|Illinois|2020|winter,Illinois,Wheat,2020,-0.5230624147593523,False,-0.1615449612429176,,0.1615449612429176,39,FAIL,FAIL,False,ABSTAIN,GATE_A_FAIL;GATE_B1_FAIL
322,Wheat|Texas|2025|winter,Texas,Wheat,2025,2.1870050671465178,False,-0.1585929444586896,,0.1585929444586896,40,FAIL,FAIL,False,ABSTAIN,GATE_A_FAIL;GATE_B1_FAIL
165,Oats|Montana|2022|spring,Montana,Oats,2022,-2.395902118756516,True,-0.1557158383024456,,0.1557158383024456,41,FAIL,FAIL,False,ABSTAIN,GATE_A_FAIL;GATE_B1_FAIL
82,Canola|Montana|2022|spring,Montana,Canola,2022,-2.7067362478023087,True,-0.1557158383024456,,0.1557158383024456,42,FAIL,FAIL,False,ABSTAIN,GATE_A_FAIL;GATE_B1_FAIL
269,Wheat|Montana|2022|spring,Montana,Wheat,2022,-1.6864297682443832,True,-0.1557158383024456,,0.1557158383024456,43,FAIL,FAIL,False,ABSTAIN,GATE_A_FAIL;GATE_B1_FAIL
34,Barley|Montana|2022|spring,Montana,Barley,2022,-2.412575846718162,True,-0.1557158383024456,,0.1557158383024456,44,FAIL,FAIL,False,ABSTAIN,GATE_A_FAIL;GATE_B1_FAIL
280,Wheat|Nebraska|2023|winter,Nebraska,Wheat,2023,-0.930718177213642,False,-0.1494998854213964,,0.1494998854213964,45,FAIL,FAIL,False,ABSTAIN,GATE_A_FAIL;GATE_B1_FAIL
64,Barley|Washington|2024|spring,Washington,Barley,2024,-0.0278124111694413,False,-0.1473334865610102,,0.1473334865610102,46,FAIL,FAIL,False,ABSTAIN,GATE_A_FAIL;GATE_B1_FAIL
114,Canola|Washington|2024|spring,Washington,Canola,2024,24.64983646372712,False,-0.1473334865610102,,0.1473334865610102,47,FAIL,FAIL,False,ABSTAIN,GATE_A_FAIL;GATE_B1_FAIL
233,Wheat|Illinois|2019|winter,Illinois,Wheat,2019,-0.5464751983223476,False,-0.1426069886743273,,0.1426069886743273,48,FAIL,FAIL,False,ABSTAIN,GATE_A_FAIL;GATE_B1_FAIL
213,Oats|Texas|2022|spring,Texas,Oats,2022,1.879293130373518,False,-0.1422635361327391,,0.1422635361327391,49,FAIL,FAIL,False,ABSTAIN,GATE_A_FAIL;GATE_B1_FAIL
175,Oats|Nebraska|2022|spring,Nebraska,Oats,2022,-2.306127679714556,True,-0.1374278999603702,,0.1374278999603702,50,FAIL,FAIL,False,ABSTAIN,GATE_A_FAIL;GATE_B1_FAIL
315,Wheat|Texas|2018|winter,Texas,Wheat,2018,0.6719637545666578,False,-0.1374250417120247,,0.1374250417120247,51,FAIL,FAIL,False,ABSTAIN,GATE_A_FAIL;GATE_B1_FAIL
57,Barley|Washington|2017|spring,Washington,Barley,2017,-1.3395789130699003,True,-0.1356576299911631,,0.1356576299911631,52,FAIL,FAIL,False,ABSTAIN,GATE_A_FAIL;GATE_B1_FAIL
107,Canola|Washington|2017|spring,Washington,Canola,2017,9.31222017316439,False,-0.1356576299911631,,0.1356576299911631,53,FAIL,FAIL,False,ABSTAIN,GATE_A_FAIL;GATE_B1_FAIL
218,Oats|Washington|2017|spring,Washington,Oats,2017,-2.607994110958527,True,-0.1356576299911631,,0.1356576299911631,54,FAIL,FAIL,False,ABSTAIN,GATE_A_FAIL;GATE_B1_FAIL
202,Oats|South Dakota|2021|spring,South Dakota,Oats,2021,-2.029798526266854,True,-0.1322286739807506,,0.1322286739807506,55,FAIL,FAIL,False,ABSTAIN,GATE_A_FAIL;GATE_B1_FAIL
308,Wheat|South Dakota|2021|spring,South Dakota,Wheat,2021,-3.6940552295607336,True,-0.1322286739807506,,0.1322286739807506,56,FAIL,FAIL,False,ABSTAIN,GATE_A_FAIL;GATE_B1_FAIL
51,Barley|South Dakota|2021|spring,South Dakota,Barley,2021,-3.0645974178864024,True,-0.1322286739807506,,0.1322286739807506,57,FAIL,FAIL,False,ABSTAIN,GATE_A_FAIL;GATE_B1_FAIL
58,Barley|Washington|2018|spring,Washington,Barley,2018,0.8984864665742974,False,-0.1300714283598985,,0.1300714283598985,58,FAIL,FAIL,False,ABSTAIN,GATE_A_FAIL;GATE_B1_FAIL
219,Oats|Washington|2018|spring,Washington,Oats,2018,-2.2586217615491537,True,-0.1300714283598985,,0.1300714283598985,59,FAIL,FAIL,False,ABSTAIN,GATE_A_FAIL;GATE_B1_FAIL
108,Canola|Washington|2018|spring,Washington,Canola,2018,12.325040409547384,False,-0.1300714283598985,,0.1300714283598985,60,FAIL,FAIL,False,ABSTAIN,GATE_A_FAIL;GATE_B1_FAIL
235,Wheat|Illinois|2021|winter,Illinois,Wheat,2021,1.0923199288772782,False,-0.1290439090171451,,0.1290439090171451,61,FAIL,FAIL,False,ABSTAIN,GATE_A_FAIL;GATE_B1_FAIL
252,Wheat|Kansas|2025|winter,Kansas,Wheat,2025,1.982845470189733,False,-0.1288007144444482,,0.1288007144444482,62,FAIL,FAIL,False,ABSTAIN,GATE_A_FAIL;GATE_B1_FAIL
224,Wheat|Colorado|2020|winter,Colorado,Wheat,2020,-1.1788613707463311,True,-0.1246964485042801,,0.1246964485042801,63,FAIL,FAIL,False,ABSTAIN,GATE_A_FAIL;GATE_B1_FAIL
249,Wheat|Kansas|2022|winter,Kansas,Wheat,2022,-0.286972253984785,False,-0.1084990539886073,,0.1084990539886073,64,FAIL,FAIL,False,ABSTAIN,GATE_A_FAIL;GATE_B1_FAIL
307,Wheat|South Dakota|2020|spring,South Dakota,Wheat,2020,0.148094575073247,False,-0.1012172521340775,,0.1012172521340775,65,FAIL,FAIL,False,ABSTAIN,GATE_A_FAIL;GATE_B1_FAIL
201,Oats|South Dakota|2020|spring,South Dakota,Oats,2020,-0.7550429032261254,False,-0.1012172521340775,,0.1012172521340775,66,FAIL,FAIL,False,ABSTAIN,GATE_A_FAIL;GATE_B1_FAIL
50,Barley|South Dakota|2020|spring,South Dakota,Barley,2020,0.0013005421057341,False,-0.1012172521340775,,0.1012172521340775,67,FAIL,FAIL,False,ABSTAIN,GATE_A_FAIL;GATE_B1_FAIL
119,Oats|Illinois|2016|spring,Illinois,Oats,2016,0.5660242636428483,False,-0.0962367631715939,,0.0962367631715939,68,FAIL,FAIL,False,ABSTAIN,GATE_A_FAIL;GATE_B1_FAIL
72,Canola|Minnesota|2022|spring,Minnesota,Canola,2022,2.1406514031195867,False,-0.0951375722145652,,0.0951375722145652,69,FAIL,FAIL,False,ABSTAIN,GATE_A_FAIL;GATE_B1_FAIL
259,Wheat|Minnesota|2022|spring,Minnesota,Wheat,2022,-0.3515973558750134,False,-0.0951375722145652,,0.0951375722145652,70,FAIL,FAIL,False,ABSTAIN,GATE_A_FAIL;GATE_B1_FAIL
155,Oats|Minnesota|2022|spring,Minnesota,Oats,2022,-1.174069388256949,True,-0.0951375722145652,,0.0951375722145652,71,FAIL,FAIL,False,ABSTAIN,GATE_A_FAIL;GATE_B1_FAIL
24,Barley|Minnesota|2022|spring,Minnesota,Barley,2022,1.0054769846635578,False,-0.0951375722145652,,0.0951375722145652,72,FAIL,FAIL,False,ABSTAIN,GATE_A_FAIL;GATE_B1_FAIL
332,Wheat|Washington|2025|winter,Washington,Wheat,2025,0.0983881993310999,False,-0.0824697004540907,,0.0824697004540907,73,FAIL,FAIL,False,ABSTAIN,GATE_A_FAIL;GATE_B1_FAIL
69,Canola|Minnesota|2019|spring,Minnesota,Canola,2019,1.891266518540488,False,-0.0802512916624763,,0.0802512916624763,74,FAIL,FAIL,False,ABSTAIN,GATE_A_FAIL;GATE_B1_FAIL
152,Oats|Minnesota|2019|spring,Minnesota,Oats,2019,-0.8717588525915104,False,-0.0802512916624763,,0.0802512916624763,75,FAIL,FAIL,False,ABSTAIN,GATE_A_FAIL;GATE_B1_FAIL
256,Wheat|Minnesota|2019|spring,Minnesota,Wheat,2019,-0.5363093856460779,False,-0.0802512916624763,,0.0802512916624763,76,FAIL,FAIL,False,ABSTAIN,GATE_A_FAIL;GATE_B1_FAIL
21,Barley|Minnesota|2019|spring,Minnesota,Barley,2019,0.5461301186929645,False,-0.0802512916624763,,0.0802512916624763,77,FAIL,FAIL,False,ABSTAIN,GATE_A_FAIL;GATE_B1_FAIL
132,Oats|Iowa|2019|spring,Iowa,Oats,2019,-1.7692715086978632,True,-0.0791348288859972,,0.0791348288859972,78,FAIL,FAIL,False,ABSTAIN,GATE_A_FAIL;GATE_B1_FAIL
282,Wheat|Nebraska|2025|winter,Nebraska,Wheat,2025,-0.0162567574065153,False,-0.0742450915850342,,0.0742450915850342,79,FAIL,FAIL,False,ABSTAIN,GATE_A_FAIL;GATE_B1_FAIL
299,Wheat|Oklahoma|2022|winter,Oklahoma,Wheat,2022,-0.0323230590660645,False,-0.0690774787749287,,0.0690774787749287,80,FAIL,FAIL,False,ABSTAIN,GATE_A_FAIL;GATE_B1_FAIL
147,Oats|Kansas|2024|spring,Kansas,Oats,2024,2.067736376697695,False,-0.0687117590557635,,0.0687117590557635,81,FAIL,FAIL,False,ABSTAIN,GATE_A_FAIL;GATE_B1_FAIL
16,Barley|Kansas|2024|spring,Kansas,Barley,2024,3.722214300134128,False,-0.0687117590557635,,0.0687117590557635,82,FAIL,FAIL,False,ABSTAIN,GATE_A_FAIL;GATE_B1_FAIL
4,Barley|Colorado|2020|spring,Colorado,Barley,2020,-0.2222116526341206,False,-0.0652567082425522,,0.0652567082425522,83,FAIL,FAIL,False,ABSTAIN,GATE_A_FAIL;GATE_B1_FAIL
320,Wheat|Texas|2023|winter,Texas,Wheat,2023,2.16611184574229,False,-0.06490547686676,,0.06490547686676,84,FAIL,FAIL,False,ABSTAIN,GATE_A_FAIL;GATE_B1_FAIL
52,Barley|South Dakota|2022|spring,South Dakota,Barley,2022,1.3000328793607594,False,-0.0625474776027288,,0.0625474776027288,85,FAIL,FAIL,False,ABSTAIN,GATE_A_FAIL;GATE_B1_FAIL
203,Oats|South Dakota|2022|spring,South Dakota,Oats,2022,-0.652023189966787,False,-0.0625474776027288,,0.0625474776027288,86,FAIL,FAIL,False,ABSTAIN,GATE_A_FAIL;GATE_B1_FAIL
309,Wheat|South Dakota|2022|spring,South Dakota,Wheat,2022,-0.5191942733739919,False,-0.0625474776027288,,0.0625474776027288,87,FAIL,FAIL,False,ABSTAIN,GATE_A_FAIL;GATE_B1_FAIL
71,Canola|Minnesota|2021|spring,Minnesota,Canola,2021,-0.513118339444655,False,-0.0568335580293556,,0.0568335580293556,88,FAIL,FAIL,False,ABSTAIN,GATE_A_FAIL;GATE_B1_FAIL
258,Wheat|Minnesota|2021|spring,Minnesota,Wheat,2021,-2.104544832045115,True,-0.0568335580293556,,0.0568335580293556,89,FAIL,FAIL,False,ABSTAIN,GATE_A_FAIL;GATE_B1_FAIL
23,Barley|Minnesota|2021|spring,Minnesota,Barley,2021,-0.7591025321814316,False,-0.0568335580293556,,0.0568335580293556,90,FAIL,FAIL,False,ABSTAIN,GATE_A_FAIL;GATE_B1_FAIL
154,Oats|Minnesota|2021|spring,Minnesota,Oats,2021,-1.6264153122731255,True,-0.0568335580293556,,0.0568335580293556,91,FAIL,FAIL,False,ABSTAIN,GATE_A_FAIL;GATE_B1_FAIL
232,Wheat|Illinois|2018|winter,Illinois,Wheat,2018,-0.5696512225813447,False,-0.0510685638150627,,0.0510685638150627,92,FAIL,FAIL,False,ABSTAIN,GATE_A_FAIL;GATE_B1_FAIL
274,Wheat|Nebraska|2017|winter,Nebraska,Wheat,2017,0.3447760420402659,False,-0.0503666195276302,,0.0503666195276302,93,FAIL,FAIL,False,ABSTAIN,GATE_A_FAIL;GATE_B1_FAIL
118,Oats|Colorado|2018|spring,Colorado,Oats,2018,-3.2101311625973463,True,-0.0473649484603174,,0.0473649484603174,94,FAIL,FAIL,False,ABSTAIN,GATE_A_FAIL;GATE_B1_FAIL
2,Barley|Colorado|2018|spring,Colorado,Barley,2018,0.3491759678261523,False,-0.0473649484603174,,0.0473649484603174,95,FAIL,FAIL,False,ABSTAIN,GATE_A_FAIL;GATE_B1_FAIL
174,Oats|Nebraska|2021|spring,Nebraska,Oats,2021,-1.7172423353077404,True,-0.0457115293912344,,0.0457115293912344,96,FAIL,FAIL,False,ABSTAIN,GATE_A_FAIL;GATE_B1_FAIL
15,Barley|Kansas|2023|spring,Kansas,Barley,2023,-1.7926240343951594,True,-0.0450558037189739,,0.0450558037189739,97,FAIL,FAIL,False,ABSTAIN,GATE_A_FAIL;GATE_B1_FAIL
146,Oats|Kansas|2023|spring,Kansas,Oats,2023,2.0641147190890803,False,-0.0450558037189739,,0.0450558037189739,98,FAIL,FAIL,False,ABSTAIN,GATE_A_FAIL;GATE_B1_FAIL
214,Oats|Texas|2023|spring,Texas,Oats,2023,1.6852589185160225,False,-0.044421897510872,,0.044421897510872,99,FAIL,FAIL,False,ABSTAIN,GATE_A_FAIL;GATE_B1_FAIL
139,Oats|Kansas|2016|spring,Kansas,Oats,2016,0.9430750458889086,False,-0.0421775618923942,,0.0421775618923942,100,FAIL,FAIL,False,ABSTAIN,GATE_A_FAIL;GATE_B1_FAIL
7,Barley|Colorado|2023|spring,Colorado,Barley,2023,-3.053168826352241,True,-0.041641885796927,,0.041641885796927,101,FAIL,FAIL,False,ABSTAIN,GATE_A_FAIL;GATE_B1_FAIL
145,Oats|Kansas|2022|spring,Kansas,Oats,2022,-0.982858622249695,False,-0.0399099577126588,,0.0399099577126588,102,FAIL,FAIL,False,ABSTAIN,GATE_A_FAIL;GATE_B1_FAIL
14,Barley|Kansas|2022|spring,Kansas,Barley,2022,-1.1723265210137512,True,-0.0399099577126588,,0.0399099577126588,103,FAIL,FAIL,False,ABSTAIN,GATE_A_FAIL;GATE_B1_FAIL
244,Wheat|Kansas|2017|winter,Kansas,Wheat,2017,1.5523505416974637,False,-0.0396981837695958,,0.0396981837695958,104,FAIL,FAIL,False,ABSTAIN,GATE_A_FAIL;GATE_B1_FAIL
129,Oats|Iowa|2016|spring,Iowa,Oats,2016,0.5563878508437117,False,-0.0372382807677485,,0.0372382807677485,105,FAIL,FAIL,False,ABSTAIN,GATE_A_FAIL;GATE_B1_FAIL
138,Oats|Iowa|2025|spring,Iowa,Oats,2025,2.12654643533053,False,-0.0346726673508157,,0.0346726673508157,106,FAIL,FAIL,False,ABSTAIN,GATE_A_FAIL;GATE_B1_FAIL
122,Oats|Illinois|2019|spring,Illinois,Oats,2019,-1.7393054325805897,True,-0.0321888923331974,,0.0321888923331974,107,FAIL,FAIL,False,ABSTAIN,GATE_A_FAIL;GATE_B1_FAIL
323,Wheat|Washington|2016|winter,Washington,Wheat,2016,1.600964282119383,False,-0.0306801904106458,,0.0306801904106458,108,FAIL,FAIL,False,ABSTAIN,GATE_A_FAIL;GATE_B1_FAIL
63,Barley|Washington|2023|spring,Washington,Barley,2023,-1.474743814169852,True,-0.027354709045612,,0.027354709045612,109,FAIL,FAIL,False,ABSTAIN,GATE_A_FAIL;GATE_B1_FAIL
113,Canola|Washington|2023|spring,Washington,Canola,2023,20.998434198815616,False,-0.027354709045612,,0.027354709045612,110,FAIL,FAIL,False,ABSTAIN,GATE_A_FAIL;GATE_B1_FAIL
62,Barley|Washington|2022|spring,Washington,Barley,2022,2.051587067233616,False,-0.027090353267758,,0.027090353267758,111,FAIL,FAIL,False,ABSTAIN,GATE_A_FAIL;GATE_B1_FAIL
112,Canola|Washington|2022|spring,Washington,Canola,2022,19.53727054960968,False,-0.027090353267758,,0.027090353267758,112,FAIL,FAIL,False,ABSTAIN,GATE_A_FAIL;GATE_B1_FAIL
131,Oats|Iowa|2018|spring,Iowa,Oats,2018,-1.1162655295706636,True,-0.0257332671641277,,0.0257332671641277,113,FAIL,FAIL,False,ABSTAIN,GATE_A_FAIL;GATE_B1_FAIL
230,Wheat|Illinois|2016|winter,Illinois,Wheat,2016,0.9759662889742964,False,-0.0252096245854179,,0.0252096245854179,114,FAIL,FAIL,False,ABSTAIN,GATE_A_FAIL;GATE_B1_FAIL
10,Barley|Kansas|2018|spring,Kansas,Barley,2018,-1.457861602589508,True,-0.0246975812372841,,0.0246975812372841,115,FAIL,FAIL,False,ABSTAIN,GATE_A_FAIL;GATE_B1_FAIL
141,Oats|Kansas|2018|spring,Kansas,Oats,2018,-0.023513445789005,False,-0.0246975812372841,,0.0246975812372841,116,FAIL,FAIL,False,ABSTAIN,GATE_A_FAIL;GATE_B1_FAIL
317,Wheat|Texas|2020|winter,Texas,Wheat,2020,0.1161767126168802,False,-0.0246284471093878,,0.0246284471093878,117,FAIL,FAIL,False,ABSTAIN,GATE_A_FAIL;GATE_B1_FAIL
11,Barley|Kansas|2019|spring,Kansas,Barley,2019,-1.236112335722669,True,-0.023047151790807,,0.023047151790807,118,FAIL,FAIL,False,ABSTAIN,GATE_A_FAIL;GATE_B1_FAIL
142,Oats|Kansas|2019|spring,Kansas,Oats,2019,1.8062549950527411,False,-0.023047151790807,,0.023047151790807,119,FAIL,FAIL,False,ABSTAIN,GATE_A_FAIL;GATE_B1_FAIL
306,Wheat|South Dakota|2019|spring,South Dakota,Wheat,2019,-0.4730214389935554,False,-0.0204250690019967,,0.0204250690019967,120,FAIL,FAIL,False,ABSTAIN,GATE_A_FAIL;GATE_B1_FAIL
49,Barley|South Dakota|2019|spring,South Dakota,Barley,2019,-0.1356154018845864,False,-0.0204250690019967,,0.0204250690019967,121,FAIL,FAIL,False,ABSTAIN,GATE_A_FAIL;GATE_B1_FAIL
200,Oats|South Dakota|2019|spring,South Dakota,Oats,2019,-0.057092194252969,False,-0.0204250690019967,,0.0204250690019967,122,FAIL,FAIL,False,ABSTAIN,GATE_A_FAIL;GATE_B1_FAIL
171,Oats|Nebraska|2018|spring,Nebraska,Oats,2018,-0.1599406834087703,False,-0.0186463379835408,,0.0186463379835408,123,FAIL,FAIL,False,ABSTAIN,GATE_A_FAIL;GATE_B1_FAIL
124,Oats|Illinois|2021|spring,Illinois,Oats,2021,0.4730222982465143,False,-0.0176387905720632,,0.0176387905720632,124,FAIL,FAIL,False,ABSTAIN,GATE_A_FAIL;GATE_B1_FAIL
9,Barley|Colorado|2025|spring,Colorado,Barley,2025,-4.329512069322385,True,-0.0167787096914292,,0.0167787096914292,125,FAIL,FAIL,False,ABSTAIN,GATE_A_FAIL;GATE_B1_FAIL
144,Oats|Kansas|2021|spring,Kansas,Oats,2021,0.1092077900815726,False,-0.0126673874993348,,0.0126673874993348,126,FAIL,FAIL,False,ABSTAIN,GATE_A_FAIL;GATE_B1_FAIL
13,Barley|Kansas|2021|spring,Kansas,Barley,2021,2.696089307998641,False,-0.0126673874993348,,0.0126673874993348,127,FAIL,FAIL,False,ABSTAIN,GATE_A_FAIL;GATE_B1_FAIL
285,Wheat|North Dakota|2018|spring,North Dakota,Wheat,2018,0.7697799530216208,False,-0.011102835210118,,0.011102835210118,128,FAIL,FAIL,False,ABSTAIN,GATE_A_FAIL;GATE_B1_FAIL
88,Canola|North Dakota|2018|spring,North Dakota,Canola,2018,1.5626799436096517,False,-0.011102835210118,,0.011102835210118,129,FAIL,FAIL,False,ABSTAIN,GATE_A_FAIL;GATE_B1_FAIL
181,Oats|North Dakota|2018|spring,North Dakota,Oats,2018,2.094181632249576,False,-0.011102835210118,,0.011102835210118,130,FAIL,FAIL,False,ABSTAIN,GATE_A_FAIL;GATE_B1_FAIL
40,Barley|North Dakota|2018|spring,North Dakota,Barley,2018,1.7109826856608163,False,-0.011102835210118,,0.011102835210118,131,FAIL,FAIL,False,ABSTAIN,GATE_A_FAIL;GATE_B1_FAIL
185,Oats|North Dakota|2022|spring,North Dakota,Oats,2022,0.7749135480055951,False,-0.0098803246095796,,0.0098803246095796,132,FAIL,FAIL,False,ABSTAIN,GATE_A_FAIL;GATE_B1_FAIL
289,Wheat|North Dakota|2022|spring,North Dakota,Wheat,2022,0.6050138706048871,False,-0.0098803246095796,,0.0098803246095796,133,FAIL,FAIL,False,ABSTAIN,GATE_A_FAIL;GATE_B1_FAIL
44,Barley|North Dakota|2022|spring,North Dakota,Barley,2022,1.251263486640987,False,-0.0098803246095796,,0.0098803246095796,134,FAIL,FAIL,False,ABSTAIN,GATE_A_FAIL;GATE_B1_FAIL
92,Canola|North Dakota|2022|spring,North Dakota,Canola,2022,0.2507106901979289,False,-0.0098803246095796,,0.0098803246095796,135,FAIL,FAIL,False,ABSTAIN,GATE_A_FAIL;GATE_B1_FAIL
242,Wheat|Iowa|2018|winter,Iowa,Wheat,2018,0.2557326440757118,False,-0.0090839057478985,,0.0090839057478985,136,FAIL,FAIL,False,ABSTAIN,GATE_A_FAIL;GATE_B1_FAIL
296,Wheat|Oklahoma|2019|winter,Oklahoma,Wheat,2019,1.94981918229522,False,-0.005890181944084,,0.005890181944084,137,FAIL,FAIL,False,ABSTAIN,GATE_A_FAIL;GATE_B1_FAIL
176,Oats|Nebraska|2023|spring,Nebraska,Oats,2023,-2.1645988492887165,True,0.0008215127322008,,-0.0008215127322008,138,FAIL,FAIL,False,ABSTAIN,GATE_A_FAIL;GATE_B1_FAIL
105,Canola|Oklahoma|2025|spring,Oklahoma,Canola,2025,3.073015565344673,False,0.0017216834249061,,-0.0017216834249061,139,FAIL,FAIL,False,ABSTAIN,GATE_A_FAIL;GATE_B1_FAIL
331,Wheat|Washington|2024|winter,Washington,Wheat,2024,0.341954718767928,False,0.0018151518162199,,-0.0018151518162199,140,FAIL,FAIL,False,ABSTAIN,GATE_A_FAIL;GATE_B1_FAIL
318,Wheat|Texas|2021|winter,Texas,Wheat,2021,2.145218624338066,False,0.0044163211040778,,-0.0044163211040778,141,FAIL,FAIL,False,ABSTAIN,GATE_A_FAIL;GATE_B1_FAIL
231,Wheat|Illinois|2017|winter,Illinois,Wheat,2017,1.158481324823056,False,0.0046381954763875,,-0.0046381954763875,142,FAIL,FAIL,False,ABSTAIN,GATE_A_FAIL;GATE_B1_FAIL
236,Wheat|Illinois|2022|winter,Illinois,Wheat,2022,0.9563937008505112,False,0.0048641343044028,,-0.0048641343044028,143,FAIL,FAIL,False,ABSTAIN,GATE_A_FAIL;GATE_B1_FAIL
135,Oats|Iowa|2022|spring,Iowa,Oats,2022,1.0332830439409193,False,0.0070879681487245,,-0.0070879681487245,144,FAIL,FAIL,False,ABSTAIN,GATE_A_FAIL;GATE_B1_FAIL
148,Oats|Kansas|2025|spring,Kansas,Oats,2025,1.097526227411166,False,0.0080977831908788,,-0.0080977831908788,145,FAIL,FAIL,False,ABSTAIN,GATE_A_FAIL;GATE_B1_FAIL
17,Barley|Kansas|2025|spring,Kansas,Barley,2025,0.8161376485483031,False,0.0080977831908788,,-0.0080977831908788,146,FAIL,FAIL,False,ABSTAIN,GATE_A_FAIL;GATE_B1_FAIL
97,Canola|Oklahoma|2017|spring,Oklahoma,Canola,2017,1.4725437842138065,False,0.0081003309320298,,-0.0081003309320298,147,FAIL,FAIL,False,ABSTAIN,GATE_A_FAIL;GATE_B1_FAIL
190,Oats|Oklahoma|2017|spring,Oklahoma,Oats,2017,1.2109516563547669,False,0.0081003309320298,,-0.0081003309320298,148,FAIL,FAIL,False,ABSTAIN,GATE_A_FAIL;GATE_B1_FAIL
328,Wheat|Washington|2021|winter,Washington,Wheat,2021,-3.3459917914358828,True,0.008759553253773,,-0.008759553253773,149,FAIL,FAIL,False,ABSTAIN,GATE_A_FAIL;GATE_B1_FAIL
189,Oats|Oklahoma|2016|spring,Oklahoma,Oats,2016,1.466663560161155,False,0.0103904717944676,,-0.0103904717944676,150,FAIL,FAIL,False,ABSTAIN,GATE_A_FAIL;GATE_B1_FAIL
96,Canola|Oklahoma|2016|spring,Oklahoma,Canola,2016,2.1161829719009733,False,0.0103904717944676,,-0.0103904717944676,151,FAIL,FAIL,False,ABSTAIN,GATE_A_FAIL;GATE_B1_FAIL
225,Wheat|Colorado|2021|winter,Colorado,Wheat,2021,0.4777706467770676,False,0.0109514857371686,,-0.0109514857371686,152,FAIL,FAIL,False,ABSTAIN,GATE_A_FAIL;GATE_B1_FAIL
48,Barley|South Dakota|2018|spring,South Dakota,Barley,2018,1.3929318841959717,False,0.0111600789693951,,-0.0111600789693951,153,FAIL,FAIL,False,ABSTAIN,GATE_A_FAIL;GATE_B1_FAIL
305,Wheat|South Dakota|2018|spring,South Dakota,Wheat,2018,-1.0944461373275058,True,0.0111600789693951,,-0.0111600789693951,154,FAIL,FAIL,False,ABSTAIN,GATE_A_FAIL;GATE_B1_FAIL
199,Oats|South Dakota|2018|spring,South Dakota,Oats,2018,0.0643751195568237,False,0.0111600789693951,,-0.0111600789693951,155,FAIL,FAIL,False,ABSTAIN,GATE_A_FAIL;GATE_B1_FAIL
207,Oats|Texas|2016|spring,Texas,Oats,2016,0.9988786803572888,False,0.0118584604904342,,-0.0118584604904342,156,FAIL,FAIL,False,ABSTAIN,GATE_A_FAIL;GATE_B1_FAIL
298,Wheat|Oklahoma|2021|winter,Oklahoma,Wheat,2021,1.8036004282166296,False,0.015123196524208,,-0.015123196524208,157,FAIL,FAIL,False,ABSTAIN,GATE_A_FAIL;GATE_B1_FAIL
212,Oats|Texas|2021|spring,Texas,Oats,2021,0.0292256397475885,False,0.0187466851811126,,-0.0187466851811126,158,FAIL,FAIL,False,ABSTAIN,GATE_A_FAIL;GATE_B1_FAIL
216,Oats|Texas|2025|spring,Texas,Oats,2025,1.483677218798508,False,0.0197081562169286,,-0.0197081562169286,159,FAIL,FAIL,False,ABSTAIN,GATE_A_FAIL;GATE_B1_FAIL
209,Oats|Texas|2018|spring,Texas,Oats,2018,0.9827476672817071,False,0.0199620143467622,,-0.0199620143467622,160,FAIL,FAIL,False,ABSTAIN,GATE_A_FAIL;GATE_B1_FAIL
84,Canola|Montana|2024|spring,Montana,Canola,2024,-2.930789840665035,True,0.0209010286382161,,-0.0209010286382161,161,FAIL,FAIL,False,ABSTAIN,GATE_A_FAIL;GATE_B1_FAIL
36,Barley|Montana|2024|spring,Montana,Barley,2024,-0.8452949661001091,False,0.0209010286382161,,-0.0209010286382161,162,FAIL,FAIL,False,ABSTAIN,GATE_A_FAIL;GATE_B1_FAIL
271,Wheat|Montana|2024|spring,Montana,Wheat,2024,-0.5081638638025319,False,0.0209010286382161,,-0.0209010286382161,163,FAIL,FAIL,False,ABSTAIN,GATE_A_FAIL;GATE_B1_FAIL
167,Oats|Montana|2024|spring,Montana,Oats,2024,-3.1421294399064266,True,0.0209010286382161,,-0.0209010286382161,164,FAIL,FAIL,False,ABSTAIN,GATE_A_FAIL;GATE_B1_FAIL
101,Canola|Oklahoma|2021|spring,Oklahoma,Canola,2021,3.82337767303344,False,0.0217290083562239,,-0.0217290083562239,165,FAIL,FAIL,False,ABSTAIN,GATE_A_FAIL;GATE_B1_FAIL
194,Oats|Oklahoma|2021|spring,Oklahoma,Oats,2021,2.0645934369830865,False,0.0217290083562239,,-0.0217290083562239,166,FAIL,FAIL,False,ABSTAIN,GATE_A_FAIL;GATE_B1_FAIL
278,Wheat|Nebraska|2021|winter,Nebraska,Wheat,2021,0.693075994292206,False,0.0237473094545873,,-0.0237473094545873,167,FAIL,FAIL,False,ABSTAIN,GATE_A_FAIL;GATE_B1_FAIL
99,Canola|Oklahoma|2019|spring,Oklahoma,Canola,2019,2.7757259672747736,False,0.0273000258953984,,-0.0273000258953984,168,FAIL,FAIL,False,ABSTAIN,GATE_A_FAIL;GATE_B1_FAIL
192,Oats|Oklahoma|2019|spring,Oklahoma,Oats,2019,3.3798001227561967,False,0.0273000258953984,,-0.0273000258953984,169,FAIL,FAIL,False,ABSTAIN,GATE_A_FAIL;GATE_B1_FAIL
137,Oats|Iowa|2024|spring,Iowa,Oats,2024,0.9480474458218812,False,0.0277905542543498,,-0.0277905542543498,170,FAIL,FAIL,False,ABSTAIN,GATE_A_FAIL;GATE_B1_FAIL
251,Wheat|Kansas|2024|winter,Kansas,Wheat,2024,0.6803682910978743,False,0.0278116082912404,,-0.0278116082912404,171,FAIL,FAIL,False,ABSTAIN,GATE_A_FAIL;GATE_B1_FAIL
35,Barley|Montana|2023|spring,Montana,Barley,2023,-1.1279923843568402,True,0.027852497706597,,-0.027852497706597,172,FAIL,FAIL,False,ABSTAIN,GATE_A_FAIL;GATE_B1_FAIL
270,Wheat|Montana|2023|spring,Montana,Wheat,2023,0.2087795284062704,False,0.027852497706597,,-0.027852497706597,173,FAIL,FAIL,False,ABSTAIN,GATE_A_FAIL;GATE_B1_FAIL
83,Canola|Montana|2023|spring,Montana,Canola,2023,-1.3395206101995412,True,0.027852497706597,,-0.027852497706597,174,FAIL,FAIL,False,ABSTAIN,GATE_A_FAIL;GATE_B1_FAIL
166,Oats|Montana|2023|spring,Montana,Oats,2023,-2.5589556101873225,True,0.027852497706597,,-0.027852497706597,175,FAIL,FAIL,False,ABSTAIN,GATE_A_FAIL;GATE_B1_FAIL
304,Wheat|South Dakota|2017|spring,South Dakota,Wheat,2017,-2.9404213234397703,True,0.0284102172750755,,-0.0284102172750755,176,FAIL,FAIL,False,ABSTAIN,GATE_A_FAIL;GATE_B1_FAIL
198,Oats|South Dakota|2017|spring,South Dakota,Oats,2017,-1.1979749301489415,True,0.0284102172750755,,-0.0284102172750755,177,FAIL,FAIL,False,ABSTAIN,GATE_A_FAIL;GATE_B1_FAIL
120,Oats|Illinois|2017|spring,Illinois,Oats,2017,0.2335955341419308,False,0.0303659395400389,,-0.0303659395400389,178,FAIL,FAIL,False,ABSTAIN,GATE_A_FAIL;GATE_B1_FAIL
325,Wheat|Washington|2018|winter,Washington,Wheat,2018,1.4585925393173067,False,0.0309558558261972,,-0.0309558558261972,179,FAIL,FAIL,False,ABSTAIN,GATE_A_FAIL;GATE_B1_FAIL
197,Oats|South Dakota|2016|spring,South Dakota,Oats,2016,0.3073097471763181,False,0.0310287981754962,,-0.0310287981754962,180,FAIL,FAIL,False,ABSTAIN,GATE_A_FAIL;GATE_B1_FAIL
303,Wheat|South Dakota|2016|spring,South Dakota,Wheat,2016,0.6942926536703906,False,0.0310287981754962,,-0.0310287981754962,181,FAIL,FAIL,False,ABSTAIN,GATE_A_FAIL;GATE_B1_FAIL
159,Oats|Montana|2016|spring,Montana,Oats,2016,-0.9982417247054852,False,0.0316755883613765,,-0.0316755883613765,182,FAIL,FAIL,False,ABSTAIN,GATE_A_FAIL;GATE_B1_FAIL
263,Wheat|Montana|2016|spring,Montana,Wheat,2016,1.636927768583453,False,0.0316755883613765,,-0.0316755883613765,183,FAIL,FAIL,False,ABSTAIN,GATE_A_FAIL;GATE_B1_FAIL
76,Canola|Montana|2016|spring,Montana,Canola,2016,0.3929253267883942,False,0.0316755883613765,,-0.0316755883613765,184,FAIL,FAIL,False,ABSTAIN,GATE_A_FAIL;GATE_B1_FAIL
28,Barley|Montana|2016|spring,Montana,Barley,2016,1.0676508716149995,False,0.0316755883613765,,-0.0316755883613765,185,FAIL,FAIL,False,ABSTAIN,GATE_A_FAIL;GATE_B1_FAIL
172,Oats|Nebraska|2019|spring,Nebraska,Oats,2019,-0.852921678528199,False,0.0321309904652919,,-0.0321309904652919,186,FAIL,FAIL,False,ABSTAIN,GATE_A_FAIL;GATE_B1_FAIL
169,Oats|Nebraska|2016|spring,Nebraska,Oats,2016,-0.9640581377716058,False,0.0336751789420234,,-0.0336751789420234,187,FAIL,FAIL,False,ABSTAIN,GATE_A_FAIL;GATE_B1_FAIL
117,Oats|Colorado|2017|spring,Colorado,Oats,2017,-0.8019952656809958,False,0.0362431732659237,,-0.0362431732659237,188,FAIL,FAIL,False,ABSTAIN,GATE_A_FAIL;GATE_B1_FAIL
1,Barley|Colorado|2017|spring,Colorado,Barley,2017,-1.1980148404693742,True,0.0362431732659237,,-0.0362431732659237,189,FAIL,FAIL,False,ABSTAIN,GATE_A_FAIL;GATE_B1_FAIL
136,Oats|Iowa|2023|spring,Iowa,Oats,2023,0.7465780585408999,False,0.0367242483627699,,-0.0367242483627699,190,FAIL,FAIL,False,ABSTAIN,GATE_A_FAIL;GATE_B1_FAIL
110,Canola|Washington|2020|spring,Washington,Canola,2020,20.359282007761,False,0.0372962572942747,,-0.0372962572942747,191,FAIL,FAIL,False,ABSTAIN,GATE_A_FAIL;GATE_B1_FAIL
60,Barley|Washington|2020|spring,Washington,Barley,2020,2.774756871390174,False,0.0372962572942747,,-0.0372962572942747,192,FAIL,FAIL,False,ABSTAIN,GATE_A_FAIL;GATE_B1_FAIL
100,Canola|Oklahoma|2020|spring,Oklahoma,Canola,2020,3.482003836113265,False,0.0375963905525004,,-0.0375963905525004,193,FAIL,FAIL,False,ABSTAIN,GATE_A_FAIL;GATE_B1_FAIL
193,Oats|Oklahoma|2020|spring,Oklahoma,Oats,2020,2.052128711366091,False,0.0375963905525004,,-0.0375963905525004,194,FAIL,FAIL,False,ABSTAIN,GATE_A_FAIL;GATE_B1_FAIL
239,Wheat|Illinois|2025|winter,Illinois,Wheat,2025,1.9817190838620435,False,0.0406546675927528,,-0.0406546675927528,195,FAIL,FAIL,False,ABSTAIN,GATE_A_FAIL;GATE_B1_FAIL
163,Oats|Montana|2020|spring,Montana,Oats,2020,-1.370115167295812,True,0.0413346289001932,,-0.0413346289001932,196,FAIL,FAIL,False,ABSTAIN,GATE_A_FAIL;GATE_B1_FAIL
80,Canola|Montana|2020|spring,Montana,Canola,2020,-0.2067949018214099,False,0.0413346289001932,,-0.0413346289001932,197,FAIL,FAIL,False,ABSTAIN,GATE_A_FAIL;GATE_B1_FAIL
267,Wheat|Montana|2020|spring,Montana,Wheat,2020,1.3155903195361334,False,0.0413346289001932,,-0.0413346289001932,198,FAIL,FAIL,False,ABSTAIN,GATE_A_FAIL;GATE_B1_FAIL
32,Barley|Montana|2020|spring,Montana,Barley,2020,1.3638458815077543,False,0.0413346289001932,,-0.0413346289001932,199,FAIL,FAIL,False,ABSTAIN,GATE_A_FAIL;GATE_B1_FAIL
281,Wheat|Nebraska|2024|winter,Nebraska,Wheat,2024,1.11296158861588,False,0.0425725910256249,,-0.0425725910256249,200,FAIL,FAIL,False,ABSTAIN,GATE_A_FAIL;GATE_B1_FAIL
125,Oats|Illinois|2022|spring,Illinois,Oats,2022,0.4020564053878462,False,0.0432759876820808,,-0.0432759876820808,201,FAIL,FAIL,False,ABSTAIN,GATE_A_FAIL;GATE_B1_FAIL
248,Wheat|Kansas|2021|winter,Kansas,Wheat,2021,2.177184092729616,False,0.0441845529202171,,-0.0441845529202171,202,FAIL,FAIL,False,ABSTAIN,GATE_A_FAIL;GATE_B1_FAIL
314,Wheat|Texas|2017|winter,Texas,Wheat,2017,-0.2032888718864036,False,0.0447507105876988,,-0.0447507105876988,203,FAIL,FAIL,False,ABSTAIN,GATE_A_FAIL;GATE_B1_FAIL
104,Canola|Oklahoma|2024|spring,Oklahoma,Canola,2024,5.540849396091832,False,0.0463215435999151,,-0.0463215435999151,204,FAIL,FAIL,False,ABSTAIN,GATE_A_FAIL;GATE_B1_FAIL
215,Oats|Texas|2024|spring,Texas,Oats,2024,0.1909978254539162,False,0.0469416379171719,,-0.0469416379171719,205,FAIL,FAIL,False,ABSTAIN,GATE_A_FAIL;GATE_B1_FAIL
301,Wheat|Oklahoma|2024|winter,Oklahoma,Wheat,2024,1.6678948865821102,False,0.0474356275312991,,-0.0474356275312991,206,FAIL,FAIL,False,ABSTAIN,GATE_A_FAIL;GATE_B1_FAIL
211,Oats|Texas|2020|spring,Texas,Oats,2020,0.0372911462853793,False,0.0476697499592984,,-0.0476697499592984,207,FAIL,FAIL,False,ABSTAIN,GATE_A_FAIL;GATE_B1_FAIL
103,Canola|Oklahoma|2023|spring,Oklahoma,Canola,2023,1.6240019761291098,False,0.0492869839947068,,-0.0492869839947068,208,FAIL,FAIL,False,ABSTAIN,GATE_A_FAIL;GATE_B1_FAIL
196,Oats|Oklahoma|2023|spring,Oklahoma,Oats,2023,6.10843727901875,False,0.0492869839947068,,-0.0492869839947068,209,FAIL,FAIL,False,ABSTAIN,GATE_A_FAIL;GATE_B1_FAIL
326,Wheat|Washington|2019|winter,Washington,Wheat,2019,0.525948855768422,False,0.0503286339163186,,-0.0503286339163186,210,FAIL,FAIL,False,ABSTAIN,GATE_A_FAIL;GATE_B1_FAIL
173,Oats|Nebraska|2020|spring,Nebraska,Oats,2020,-0.9201656894757004,False,0.0503916353283446,,-0.0503916353283446,211,FAIL,FAIL,False,ABSTAIN,GATE_A_FAIL;GATE_B1_FAIL
53,Barley|South Dakota|2023|spring,South Dakota,Barley,2023,1.0526111548731842,False,0.0509094891574912,,-0.0509094891574912,212,FAIL,FAIL,False,ABSTAIN,GATE_A_FAIL;GATE_B1_FAIL
310,Wheat|South Dakota|2023|spring,South Dakota,Wheat,2023,-1.704189906393315,True,0.0509094891574912,,-0.0509094891574912,213,FAIL,FAIL,False,ABSTAIN,GATE_A_FAIL;GATE_B1_FAIL
204,Oats|South Dakota|2023|spring,South Dakota,Oats,2023,-1.4653991855342912,True,0.0509094891574912,,-0.0509094891574912,214,FAIL,FAIL,False,ABSTAIN,GATE_A_FAIL;GATE_B1_FAIL
98,Canola|Oklahoma|2018|spring,Oklahoma,Canola,2018,0.5733741192243391,False,0.0520587479587818,,-0.0520587479587818,215,FAIL,FAIL,False,ABSTAIN,GATE_A_FAIL;GATE_B1_FAIL
191,Oats|Oklahoma|2018|spring,Oklahoma,Oats,2018,2.830982138292432,False,0.0520587479587818,,-0.0520587479587818,216,FAIL,FAIL,False,ABSTAIN,GATE_A_FAIL;GATE_B1_FAIL
3,Barley|Colorado|2019|spring,Colorado,Barley,2019,-0.9234557139178023,False,0.0526393494466441,,-0.0526393494466441,217,FAIL,FAIL,False,ABSTAIN,GATE_A_FAIL;GATE_B1_FAIL
210,Oats|Texas|2019|spring,Texas,Oats,2019,0.9746821607439164,False,0.0528818074469256,,-0.0528818074469256,218,FAIL,FAIL,False,ABSTAIN,GATE_A_FAIL;GATE_B1_FAIL
240,Wheat|Iowa|2016|winter,Iowa,Wheat,2016,1.1289715127563316,False,0.0535155256749998,,-0.0535155256749998,219,FAIL,FAIL,False,ABSTAIN,GATE_A_FAIL;GATE_B1_FAIL
55,Barley|South Dakota|2025|spring,South Dakota,Barley,2025,0.8139928182166328,False,0.0541046854985644,,-0.0541046854985644,220,FAIL,FAIL,False,ABSTAIN,GATE_A_FAIL;GATE_B1_FAIL
206,Oats|South Dakota|2025|spring,South Dakota,Oats,2025,-0.324516449638273,False,0.0541046854985644,,-0.0541046854985644,221,FAIL,FAIL,False,ABSTAIN,GATE_A_FAIL;GATE_B1_FAIL
312,Wheat|South Dakota|2025|spring,South Dakota,Wheat,2025,-0.8561476874083568,False,0.0541046854985644,,-0.0541046854985644,222,FAIL,FAIL,False,ABSTAIN,GATE_A_FAIL;GATE_B1_FAIL
208,Oats|Texas|2017|spring,Texas,Oats,2017,0.0614876658987518,False,0.0553725054058058,,-0.0553725054058058,223,FAIL,FAIL,False,ABSTAIN,GATE_A_FAIL;GATE_B1_FAIL
59,Barley|Washington|2019|spring,Washington,Barley,2019,0.5369015644960139,False,0.0554862859944154,,-0.0554862859944154,224,FAIL,FAIL,False,ABSTAIN,GATE_A_FAIL;GATE_B1_FAIL
109,Canola|Washington|2019|spring,Washington,Canola,2019,15.794805184201415,False,0.0554862859944154,,-0.0554862859944154,225,FAIL,FAIL,False,ABSTAIN,GATE_A_FAIL;GATE_B1_FAIL
73,Canola|Minnesota|2023|spring,Minnesota,Canola,2023,2.2756420002194666,False,0.0588570259820785,,-0.0588570259820785,226,FAIL,FAIL,False,ABSTAIN,GATE_A_FAIL;GATE_B1_FAIL
156,Oats|Minnesota|2023|spring,Minnesota,Oats,2023,0.8095447854163961,False,0.0588570259820785,,-0.0588570259820785,227,FAIL,FAIL,False,ABSTAIN,GATE_A_FAIL;GATE_B1_FAIL
25,Barley|Minnesota|2023|spring,Minnesota,Barley,2023,1.193620184344834,False,0.0588570259820785,,-0.0588570259820785,228,FAIL,FAIL,False,ABSTAIN,GATE_A_FAIL;GATE_B1_FAIL
260,Wheat|Minnesota|2023|spring,Minnesota,Wheat,2023,-0.3382408698840143,False,0.0588570259820785,,-0.0588570259820785,229,FAIL,FAIL,False,ABSTAIN,GATE_A_FAIL;GATE_B1_FAIL
133,Oats|Iowa|2020|spring,Iowa,Oats,2020,0.6300038409461238,False,0.0601787329611985,,-0.0601787329611985,230,FAIL,FAIL,False,ABSTAIN,GATE_A_FAIL;GATE_B1_FAIL
95,Canola|North Dakota|2025|spring,North Dakota,Canola,2025,1.820999794799528,False,0.060246219688144,,-0.060246219688144,231,FAIL,FAIL,False,ABSTAIN,GATE_A_FAIL;GATE_B1_FAIL
292,Wheat|North Dakota|2025|spring,North Dakota,Wheat,2025,1.0531507939252238,False,0.060246219688144,,-0.060246219688144,232,FAIL,FAIL,False,ABSTAIN,GATE_A_FAIL;GATE_B1_FAIL
47,Barley|North Dakota|2025|spring,North Dakota,Barley,2025,1.8116831711960903,False,0.060246219688144,,-0.060246219688144,233,FAIL,FAIL,False,ABSTAIN,GATE_A_FAIL;GATE_B1_FAIL
188,Oats|North Dakota|2025|spring,North Dakota,Oats,2025,1.2185704311768613,False,0.060246219688144,,-0.060246219688144,234,FAIL,FAIL,False,ABSTAIN,GATE_A_FAIL;GATE_B1_FAIL
290,Wheat|North Dakota|2023|spring,North Dakota,Wheat,2023,0.1482105559909463,False,0.0629015466945455,,-0.0629015466945455,235,FAIL,FAIL,False,ABSTAIN,GATE_A_FAIL;GATE_B1_FAIL
45,Barley|North Dakota|2023|spring,North Dakota,Barley,2023,0.8608352700712404,False,0.0629015466945455,,-0.0629015466945455,236,FAIL,FAIL,False,ABSTAIN,GATE_A_FAIL;GATE_B1_FAIL
186,Oats|North Dakota|2023|spring,North Dakota,Oats,2023,1.1902934838295958,False,0.0629015466945455,,-0.0629015466945455,237,FAIL,FAIL,False,ABSTAIN,GATE_A_FAIL;GATE_B1_FAIL
93,Canola|North Dakota|2023|spring,North Dakota,Canola,2023,0.0805141318339602,False,0.0629015466945455,,-0.0629015466945455,238,FAIL,FAIL,False,ABSTAIN,GATE_A_FAIL;GATE_B1_FAIL
121,Oats|Illinois|2018|spring,Illinois,Oats,2018,0.6859199768225189,False,0.0663917113768792,,-0.0663917113768792,239,FAIL,FAIL,False,ABSTAIN,GATE_A_FAIL;GATE_B1_FAIL
18,Barley|Minnesota|2016|spring,Minnesota,Barley,2016,0.5071141850153177,False,0.0666261841625411,,-0.0666261841625411,240,FAIL,FAIL,False,ABSTAIN,GATE_A_FAIL;GATE_B1_FAIL
253,Wheat|Minnesota|2016|spring,Minnesota,Wheat,2016,0.1487740796724093,False,0.0666261841625411,,-0.0666261841625411,241,FAIL,FAIL,False,ABSTAIN,GATE_A_FAIL;GATE_B1_FAIL
149,Oats|Minnesota|2016|spring,Minnesota,Oats,2016,0.0684615277847208,False,0.0666261841625411,,-0.0666261841625411,242,FAIL,FAIL,False,ABSTAIN,GATE_A_FAIL;GATE_B1_FAIL
66,Canola|Minnesota|2016|spring,Minnesota,Canola,2016,-0.0246270113561571,False,0.0666261841625411,,-0.0666261841625411,243,FAIL,FAIL,False,ABSTAIN,GATE_A_FAIL;GATE_B1_FAIL
74,Canola|Minnesota|2024|spring,Minnesota,Canola,2024,0.5501589416235518,False,0.067745889498785,,-0.067745889498785,244,FAIL,FAIL,False,ABSTAIN,GATE_A_FAIL;GATE_B1_FAIL
261,Wheat|Minnesota|2024|spring,Minnesota,Wheat,2024,0.472266481247328,False,0.067745889498785,,-0.067745889498785,245,FAIL,FAIL,False,ABSTAIN,GATE_A_FAIL;GATE_B1_FAIL
26,Barley|Minnesota|2024|spring,Minnesota,Barley,2024,0.7512669855867007,False,0.067745889498785,,-0.067745889498785,246,FAIL,FAIL,False,ABSTAIN,GATE_A_FAIL;GATE_B1_FAIL
157,Oats|Minnesota|2024|spring,Minnesota,Oats,2024,2.1548933364398746,False,0.067745889498785,,-0.067745889498785,247,FAIL,FAIL,False,ABSTAIN,GATE_A_FAIL;GATE_B1_FAIL
94,Canola|North Dakota|2024|spring,North Dakota,Canola,2024,0.2889148751011427,False,0.0677773545431185,,-0.0677773545431185,248,FAIL,FAIL,False,ABSTAIN,GATE_A_FAIL;GATE_B1_FAIL
187,Oats|North Dakota|2024|spring,North Dakota,Oats,2024,3.668927007580897,False,0.0677773545431185,,-0.0677773545431185,249,FAIL,FAIL,False,ABSTAIN,GATE_A_FAIL;GATE_B1_FAIL
46,Barley|North Dakota|2024|spring,North Dakota,Barley,2024,1.2575453872580036,False,0.0677773545431185,,-0.0677773545431185,250,FAIL,FAIL,False,ABSTAIN,GATE_A_FAIL;GATE_B1_FAIL
291,Wheat|North Dakota|2024|spring,North Dakota,Wheat,2024,1.9593584334484309,False,0.0677773545431185,,-0.0677773545431185,251,FAIL,FAIL,False,ABSTAIN,GATE_A_FAIL;GATE_B1_FAIL
37,Barley|Montana|2025|spring,Montana,Barley,2025,-0.3956165404925938,False,0.0682419762821621,,-0.0682419762821621,252,FAIL,FAIL,False,ABSTAIN,GATE_A_FAIL;GATE_B1_FAIL
85,Canola|Montana|2025|spring,Montana,Canola,2025,-2.322316261425233,True,0.0682419762821621,,-0.0682419762821621,253,FAIL,FAIL,False,ABSTAIN,GATE_A_FAIL;GATE_B1_FAIL
168,Oats|Montana|2025|spring,Montana,Oats,2025,-1.624311131772993,True,0.0682419762821621,,-0.0682419762821621,254,FAIL,FAIL,False,ABSTAIN,GATE_A_FAIL;GATE_B1_FAIL
272,Wheat|Montana|2025|spring,Montana,Wheat,2025,0.0591175198847504,False,0.0682419762821621,,-0.0682419762821621,255,FAIL,FAIL,False,ABSTAIN,GATE_A_FAIL;GATE_B1_FAIL
78,Canola|Montana|2018|spring,Montana,Canola,2018,-1.9171612936164009,True,0.0683883442650223,,-0.0683883442650223,256,FAIL,FAIL,False,ABSTAIN,GATE_A_FAIL;GATE_B1_FAIL
30,Barley|Montana|2018|spring,Montana,Barley,2018,0.2971976493223953,False,0.0683883442650223,,-0.0683883442650223,257,FAIL,FAIL,False,ABSTAIN,GATE_A_FAIL;GATE_B1_FAIL
161,Oats|Montana|2018|spring,Montana,Oats,2018,-1.6042987842889465,True,0.0683883442650223,,-0.0683883442650223,258,FAIL,FAIL,False,ABSTAIN,GATE_A_FAIL;GATE_B1_FAIL
265,Wheat|Montana|2018|spring,Montana,Wheat,2018,0.6598196982544118,False,0.0683883442650223,,-0.0683883442650223,259,FAIL,FAIL,False,ABSTAIN,GATE_A_FAIL;GATE_B1_FAIL
68,Canola|Minnesota|2018|spring,Minnesota,Canola,2018,1.1754181363507,False,0.0685606613542117,,-0.0685606613542117,260,FAIL,FAIL,False,ABSTAIN,GATE_A_FAIL;GATE_B1_FAIL
255,Wheat|Minnesota|2018|spring,Minnesota,Wheat,2018,-0.1146603427422269,False,0.0685606613542117,,-0.0685606613542117,261,FAIL,FAIL,False,ABSTAIN,GATE_A_FAIL;GATE_B1_FAIL
151,Oats|Minnesota|2018|spring,Minnesota,Oats,2018,-1.19638049648991,True,0.0685606613542117,,-0.0685606613542117,262,FAIL,FAIL,False,ABSTAIN,GATE_A_FAIL;GATE_B1_FAIL
20,Barley|Minnesota|2018|spring,Minnesota,Barley,2018,1.513896982817278,False,0.0685606613542117,,-0.0685606613542117,263,FAIL,FAIL,False,ABSTAIN,GATE_A_FAIL;GATE_B1_FAIL
275,Wheat|Nebraska|2018|winter,Nebraska,Wheat,2018,0.90783292050743,False,0.0693779730261553,,-0.0693779730261553,264,FAIL,FAIL,False,ABSTAIN,GATE_A_FAIL;GATE_B1_FAIL
177,Oats|Nebraska|2024|spring,Nebraska,Oats,2024,-0.5634047490938608,False,0.0791161301815003,,-0.0791161301815003,265,FAIL,FAIL,False,ABSTAIN,GATE_A_FAIL;GATE_B1_FAIL
6,Barley|Colorado|2022|spring,Colorado,Barley,2022,-5.587297506161589,True,0.0801220305845792,,-0.0801220305845792,266,FAIL,FAIL,False,ABSTAIN,GATE_A_FAIL;GATE_B1_FAIL
127,Oats|Illinois|2024|spring,Illinois,Oats,2024,1.5678034651364894,False,0.0811062664631561,,-0.0811062664631561,267,FAIL,FAIL,False,ABSTAIN,GATE_A_FAIL;GATE_B1_FAIL
238,Wheat|Illinois|2024|winter,Illinois,Wheat,2024,1.7992040480132838,False,0.0831202995922902,,-0.0831202995922902,268,FAIL,FAIL,False,ABSTAIN,GATE_A_FAIL;GATE_B1_FAIL
126,Oats|Illinois|2023|spring,Illinois,Oats,2023,1.2463927719044188,False,0.0843906845482166,,-0.0843906845482166,269,FAIL,FAIL,False,ABSTAIN,GATE_A_FAIL;GATE_B1_FAIL
12,Barley|Kansas|2020|spring,Kansas,Barley,2020,0.9103152859973126,False,0.0856605050935593,,-0.0856605050935593,270,FAIL,FAIL,False,ABSTAIN,GATE_A_FAIL;GATE_B1_FAIL
143,Oats|Kansas|2020|spring,Kansas,Oats,2020,0.3489592260748472,False,0.0856605050935593,,-0.0856605050935593,271,FAIL,FAIL,False,ABSTAIN,GATE_A_FAIL;GATE_B1_FAIL
140,Oats|Kansas|2017|spring,Kansas,Oats,2017,0.5814673468508951,False,0.0911900034467752,,-0.0911900034467752,272,FAIL,FAIL,False,ABSTAIN,GATE_A_FAIL;GATE_B1_FAIL
195,Oats|Oklahoma|2022|spring,Oklahoma,Oats,2022,-4.62138149210598,True,0.0929957487332078,,-0.0929957487332078,273,FAIL,FAIL,False,ABSTAIN,GATE_A_FAIL;GATE_B1_FAIL
102,Canola|Oklahoma|2022|spring,Oklahoma,Canola,2022,0.9906398103679624,False,0.0929957487332078,,-0.0929957487332078,274,FAIL,FAIL,False,ABSTAIN,GATE_A_FAIL;GATE_B1_FAIL
262,Wheat|Minnesota|2025|spring,Minnesota,Wheat,2025,0.4129783372890871,False,0.0931475414554419,,-0.0931475414554419,275,FAIL,FAIL,False,ABSTAIN,GATE_A_FAIL;GATE_B1_FAIL
27,Barley|Minnesota|2025|spring,Minnesota,Barley,2025,1.2546583844876813,False,0.0931475414554419,,-0.0931475414554419,276,FAIL,FAIL,False,ABSTAIN,GATE_A_FAIL;GATE_B1_FAIL
158,Oats|Minnesota|2025|spring,Minnesota,Oats,2025,1.9689736378062108,False,0.0931475414554419,,-0.0931475414554419,277,FAIL,FAIL,False,ABSTAIN,GATE_A_FAIL;GATE_B1_FAIL
75,Canola|Minnesota|2025|spring,Minnesota,Canola,2025,1.460318082873213,False,0.0931475414554419,,-0.0931475414554419,278,FAIL,FAIL,False,ABSTAIN,GATE_A_FAIL;GATE_B1_FAIL
123,Oats|Illinois|2020|spring,Illinois,Oats,2020,-2.725938247069229,True,0.0935330690751407,,-0.0935330690751407,279,FAIL,FAIL,False,ABSTAIN,GATE_A_FAIL;GATE_B1_FAIL
19,Barley|Minnesota|2017|spring,Minnesota,Barley,2017,1.5359192492824716,False,0.096402631948076,,-0.096402631948076,280,FAIL,FAIL,False,ABSTAIN,GATE_A_FAIL;GATE_B1_FAIL
67,Canola|Minnesota|2017|spring,Minnesota,Canola,2017,1.3505641066470515,False,0.096402631948076,,-0.096402631948076,281,FAIL,FAIL,False,ABSTAIN,GATE_A_FAIL;GATE_B1_FAIL
254,Wheat|Minnesota|2017|spring,Minnesota,Wheat,2017,1.1623414943413877,False,0.096402631948076,,-0.096402631948076,282,FAIL,FAIL,False,ABSTAIN,GATE_A_FAIL;GATE_B1_FAIL
150,Oats|Minnesota|2017|spring,Minnesota,Oats,2017,0.903268736276136,False,0.096402631948076,,-0.096402631948076,283,FAIL,FAIL,False,ABSTAIN,GATE_A_FAIL;GATE_B1_FAIL
38,Barley|North Dakota|2016|spring,North Dakota,Barley,2016,0.7601347845359875,False,0.1010246640000131,,-0.1010246640000131,284,FAIL,FAIL,False,ABSTAIN,GATE_A_FAIL;GATE_B1_FAIL
179,Oats|North Dakota|2016|spring,North Dakota,Oats,2016,0.3465266949628797,False,0.1010246640000131,,-0.1010246640000131,285,FAIL,FAIL,False,ABSTAIN,GATE_A_FAIL;GATE_B1_FAIL
283,Wheat|North Dakota|2016|spring,North Dakota,Wheat,2016,0.4712157964332796,False,0.1010246640000131,,-0.1010246640000131,286,FAIL,FAIL,False,ABSTAIN,GATE_A_FAIL;GATE_B1_FAIL
86,Canola|North Dakota|2016|spring,North Dakota,Canola,2016,1.020429425479767,False,0.1010246640000131,,-0.1010246640000131,287,FAIL,FAIL,False,ABSTAIN,GATE_A_FAIL;GATE_B1_FAIL
243,Wheat|Kansas|2016|winter,Kansas,Wheat,2016,3.0339386005512345,False,0.1025524509246657,,-0.1025524509246657,288,FAIL,FAIL,False,ABSTAIN,GATE_A_FAIL;GATE_B1_FAIL
134,Oats|Iowa|2021|spring,Iowa,Oats,2021,0.4655126629327701,False,0.1041896312822435,,-0.1041896312822435,289,FAIL,FAIL,False,ABSTAIN,GATE_A_FAIL;GATE_B1_FAIL
329,Wheat|Washington|2022|winter,Washington,Wheat,2022,0.2747525729373378,False,0.108230610306541,,-0.108230610306541,290,FAIL,FAIL,False,ABSTAIN,GATE_A_FAIL;GATE_B1_FAIL
311,Wheat|South Dakota|2024|spring,South Dakota,Wheat,2024,0.556965619033696,False,0.1090319077931297,,-0.1090319077931297,291,FAIL,FAIL,False,ABSTAIN,GATE_A_FAIL;GATE_B1_FAIL
205,Oats|South Dakota|2024|spring,South Dakota,Oats,2024,0.0274799184560049,False,0.1090319077931297,,-0.1090319077931297,292,FAIL,FAIL,False,ABSTAIN,GATE_A_FAIL;GATE_B1_FAIL
54,Barley|South Dakota|2024|spring,South Dakota,Barley,2024,1.7019773235006983,False,0.1090319077931297,,-0.1090319077931297,293,FAIL,FAIL,False,ABSTAIN,GATE_A_FAIL;GATE_B1_FAIL
227,Wheat|Colorado|2023|winter,Colorado,Wheat,2023,1.132156592664581,False,0.1121526585826061,,-0.1121526585826061,294,FAIL,FAIL,False,ABSTAIN,GATE_A_FAIL;GATE_B1_FAIL
89,Canola|North Dakota|2019|spring,North Dakota,Canola,2019,0.4462714070232524,False,0.1143261674829946,,-0.1143261674829946,295,FAIL,FAIL,False,ABSTAIN,GATE_A_FAIL;GATE_B1_FAIL
41,Barley|North Dakota|2019|spring,North Dakota,Barley,2019,1.3205544690910906,False,0.1143261674829946,,-0.1143261674829946,296,FAIL,FAIL,False,ABSTAIN,GATE_A_FAIL;GATE_B1_FAIL
286,Wheat|North Dakota|2019|spring,North Dakota,Wheat,2019,0.821390716199648,False,0.1143261674829946,,-0.1143261674829946,297,FAIL,FAIL,False,ABSTAIN,GATE_A_FAIL;GATE_B1_FAIL
182,Oats|North Dakota|2019|spring,North Dakota,Oats,2019,2.5095615680735635,False,0.1143261674829946,,-0.1143261674829946,298,FAIL,FAIL,False,ABSTAIN,GATE_A_FAIL;GATE_B1_FAIL
170,Oats|Nebraska|2017|spring,Nebraska,Oats,2017,-2.178389696376269,True,0.1166484293588686,,-0.1166484293588686,299,FAIL,FAIL,False,ABSTAIN,GATE_A_FAIL;GATE_B1_FAIL
128,Oats|Illinois|2025|spring,Illinois,Oats,2025,2.2819554067140326,False,0.1276117392774224,,-0.1276117392774224,300,FAIL,FAIL,False,ABSTAIN,GATE_A_FAIL;GATE_B1_FAIL
178,Oats|Nebraska|2025|spring,Nebraska,Oats,2025,-2.611955363269692,True,0.1286523739915928,,-0.1286523739915928,301,FAIL,FAIL,False,ABSTAIN,GATE_A_FAIL;GATE_B1_FAIL
313,Wheat|Texas|2016|winter,Texas,Wheat,2016,0.6510705331624338,False,0.1305607644684619,,-0.1305607644684619,302,FAIL,FAIL,False,ABSTAIN,GATE_A_FAIL;GATE_B1_FAIL
5,Barley|Colorado|2021|spring,Colorado,Barley,2021,-5.3016036959313775,True,0.1312960602515957,,-0.1312960602515957,303,FAIL,FAIL,False,ABSTAIN,GATE_A_FAIL;GATE_B1_FAIL
116,Oats|Colorado|2016|spring,Colorado,Oats,2016,1.6061406312353874,False,0.1322932963706032,,-0.1322932963706032,304,FAIL,FAIL,False,ABSTAIN,GATE_A_FAIL;GATE_B1_FAIL
0,Barley|Colorado|2016|spring,Colorado,Barley,2016,-1.3352944037451613,True,0.1322932963706032,,-0.1322932963706032,305,FAIL,FAIL,False,ABSTAIN,GATE_A_FAIL;GATE_B1_FAIL
8,Barley|Colorado|2024|spring,Colorado,Barley,2024,-1.364986893554741,True,0.1328611868423539,,-0.1328611868423539,306,FAIL,FAIL,False,ABSTAIN,GATE_A_FAIL;GATE_B1_FAIL
276,Wheat|Nebraska|2019|winter,Nebraska,Wheat,2019,2.5282080120825694,False,0.1328924076210436,,-0.1328924076210436,307,FAIL,FAIL,False,ABSTAIN,GATE_A_FAIL;GATE_B1_FAIL
300,Wheat|Oklahoma|2023|winter,Oklahoma,Wheat,2023,-0.0215602269518904,False,0.142129390841663,,-0.142129390841663,308,FAIL,FAIL,False,ABSTAIN,GATE_A_FAIL;GATE_B1_FAIL
321,Wheat|Texas|2024|winter,Texas,Wheat,2024,0.4465176663823876,False,0.1423338222730973,,-0.1423338222730973,309,FAIL,FAIL,False,ABSTAIN,GATE_A_FAIL;GATE_B1_FAIL
302,Wheat|Oklahoma|2025|winter,Oklahoma,Wheat,2025,1.67865771869628,False,0.1535301046296265,,-0.1535301046296265,310,FAIL,FAIL,False,ABSTAIN,GATE_A_FAIL;GATE_B1_FAIL
293,Wheat|Oklahoma|2016|winter,Oklahoma,Wheat,2016,1.7497862676457725,False,0.1605709767469477,,-0.1605709767469477,311,FAIL,FAIL,False,ABSTAIN,GATE_A_FAIL;GATE_B1_FAIL
220,Wheat|Colorado|2016|winter,Colorado,Wheat,2016,2.3648192501943277,False,0.1615559935799838,,-0.1615559935799838,312,FAIL,FAIL,False,ABSTAIN,GATE_A_FAIL;GATE_B1_FAIL
130,Oats|Iowa|2017|spring,Iowa,Oats,2017,0.6359838591708584,False,0.1711488468464946,,-0.1711488468464946,313,FAIL,FAIL,False,ABSTAIN,GATE_A_FAIL;GATE_B1_FAIL
247,Wheat|Kansas|2020|winter,Kansas,Wheat,2020,1.038346539274029,False,0.1715774628229598,,-0.1715774628229598,314,FAIL,FAIL,False,ABSTAIN,GATE_A_FAIL;GATE_B1_FAIL
228,Wheat|Colorado|2024|winter,Colorado,Wheat,2024,0.129910521028697,False,0.1897244418803309,,-0.1897244418803309,315,FAIL,FAIL,False,ABSTAIN,GATE_A_FAIL;GATE_B1_FAIL
324,Wheat|Washington|2017|winter,Washington,Wheat,2017,0.8482735231349933,False,0.1913009792450008,,-0.1913009792450008,316,FAIL,FAIL,False,ABSTAIN,GATE_A_FAIL;GATE_B1_FAIL
316,Wheat|Texas|2019|winter,Texas,Wheat,2019,1.259090628622777,False,0.1985897875000005,,-0.1985897875000005,317,FAIL,FAIL,False,ABSTAIN,GATE_A_FAIL;GATE_B1_FAIL
153,Oats|Minnesota|2020|spring,Minnesota,Oats,2020,-0.4197687065143815,False,0.2002358402229817,,-0.2002358402229817,318,FAIL,FAIL,False,ABSTAIN,GATE_A_FAIL;GATE_B1_FAIL
257,Wheat|Minnesota|2020|spring,Minnesota,Wheat,2020,-1.247890260246416,True,0.2002358402229817,,-0.2002358402229817,319,FAIL,FAIL,False,ABSTAIN,GATE_A_FAIL;GATE_B1_FAIL
70,Canola|Minnesota|2020|spring,Minnesota,Canola,2020,-0.9191759029198374,False,0.2002358402229817,,-0.2002358402229817,320,FAIL,FAIL,False,ABSTAIN,GATE_A_FAIL;GATE_B1_FAIL
22,Barley|Minnesota|2020|spring,Minnesota,Barley,2020,-1.5777421303021166,True,0.2002358402229817,,-0.2002358402229817,321,FAIL,FAIL,False,ABSTAIN,GATE_A_FAIL;GATE_B1_FAIL
294,Wheat|Oklahoma|2017|winter,Oklahoma,Wheat,2017,0.9210781492149775,False,0.2040581275013123,,-0.2040581275013123,322,FAIL,FAIL,False,ABSTAIN,GATE_A_FAIL;GATE_B1_FAIL
327,Wheat|Washington|2020|winter,Washington,Wheat,2020,1.6605366645557071,False,0.2062254868531962,,-0.2062254868531962,323,FAIL,FAIL,False,ABSTAIN,GATE_A_FAIL;GATE_B1_FAIL
297,Wheat|Oklahoma|2020|winter,Oklahoma,Wheat,2020,1.9605820144093933,False,0.2069621590544654,,-0.2069621590544654,324,FAIL,FAIL,False,ABSTAIN,GATE_A_FAIL;GATE_B1_FAIL
237,Wheat|Illinois|2023|winter,Illinois,Wheat,2023,2.0942325283258487,False,0.221224980264152,,-0.221224980264152,325,FAIL,FAIL,False,ABSTAIN,GATE_A_FAIL;GATE_B1_FAIL
79,Canola|Montana|2019|spring,Montana,Canola,2019,-0.7777036423108123,False,0.2270540803901224,,-0.2270540803901224,326,FAIL,FAIL,False,ABSTAIN,GATE_A_FAIL;GATE_B1_FAIL
31,Barley|Montana|2019|spring,Montana,Barley,2019,0.7468760749298886,False,0.2270540803901224,,-0.2270540803901224,327,FAIL,FAIL,False,ABSTAIN,GATE_A_FAIL;GATE_B1_FAIL
162,Oats|Montana|2019|spring,Montana,Oats,2019,0.0532993389998866,False,0.2270540803901224,,-0.2270540803901224,328,FAIL,FAIL,False,ABSTAIN,GATE_A_FAIL;GATE_B1_FAIL
266,Wheat|Montana|2019|spring,Montana,Wheat,2019,1.5100384285847943,False,0.2270540803901224,,-0.2270540803901224,329,FAIL,FAIL,False,ABSTAIN,GATE_A_FAIL;GATE_B1_FAIL
273,Wheat|Nebraska|2016|winter,Nebraska,Wheat,2016,2.1086369086015817,False,0.23562071182335,,-0.23562071182335,330,FAIL,FAIL,False,ABSTAIN,GATE_A_FAIL;GATE_B1_FAIL
223,Wheat|Colorado|2019|winter,Colorado,Wheat,2019,2.4822627900488343,False,0.2672446269230647,,-0.2672446269230647,331,FAIL,FAIL,False,ABSTAIN,GATE_A_FAIL;GATE_B1_FAIL
241,Wheat|Iowa|2017|winter,Iowa,Wheat,2017,1.7415706880593886,False,0.2745286777999322,,-0.2745286777999322,332,FAIL,FAIL,False,ABSTAIN,GATE_A_FAIL;GATE_B1_FAIL
277,Wheat|Nebraska|2020|winter,Nebraska,Wheat,2020,-0.9272990972829348,False,0.2784437727748755,,-0.2784437727748755,333,FAIL,FAIL,False,ABSTAIN,GATE_A_FAIL;GATE_B1_FAIL
