row_id,max_abs_reconstruction_error,predicted_residual,observed_residual,same_sign
Barley|Colorado|2016|spring,8.271161533457416e-15,0.20949014122422643,-0.5095273846155033,False
Barley|Colorado|2017|spring,1.1379786002407855e-14,0.07111509886030035,-0.45714365811976965,False
Barley|Colorado|2018|spring,3.608224830031759e-16,0.014492679344668824,0.13324006837596336,True
Barley|Colorado|2019|spring,5.245803791353865e-15,0.04729174550330459,-0.35237620512830325,False
Barley|Colorado|2020|spring,1.8596235662471372e-15,0.03311909421710354,-0.08479247863257022,False
Barley|Colorado|2021|spring,1.1102230246251565e-16,0.052454092165156084,-2.023008752136837,False
Barley|Colorado|2022|spring,3.2612801348363973e-15,0.020866880083453963,-2.1320250256411324,False
Barley|Colorado|2023|spring,1.8041124150158794e-16,-0.07990595803513377,-1.1650412991453987,True
Barley|Colorado|2024|spring,7.0915495697931874e-15,0.11536032700540293,-0.5208575726496658,False
Barley|Colorado|2025|spring,4.07486544506952e-15,0.006752867445533444,-1.6520738461539324,False
Barley|Kansas|2018|spring,4.010680676458378e-15,-0.11299138269395972,-0.6520192136752152,True
Barley|Kansas|2019|spring,1.6514567491299204e-15,0.028776305260474488,-0.5528432820512841,False
Barley|Kansas|2020|spring,2.192690473634684e-15,0.13402223311486733,0.40713264957265016,True
Barley|Kansas|2021|spring,4.232725281383409e-15,-0.10157764244586345,1.2058085811965813,False
Barley|Kansas|2022|spring,2.9837243786801082e-15,-0.08529231783679744,-0.5243154871794877,True
Barley|Kansas|2023|spring,1.5126788710517758e-15,-0.08764488772729769,-0.8017395555555566,True
Barley|Kansas|2024|spring,8.326672684688674e-17,-0.11158616612739565,1.6647363760683778,False
Barley|Kansas|2025|spring,4.142519660632615e-15,0.03857044966047053,0.36501230769230864,True
Barley|Minnesota|2016|spring,1.762479051592436e-15,0.10517859613896041,0.2596310769230761,True
Barley|Minnesota|2017|spring,9.832412661836543e-15,0.05304586180928239,0.786356170940171,True
Barley|Minnesota|2018|spring,1.086630785351872e-14,0.0619572193495184,0.775081264957266,True
Barley|Minnesota|2019|spring,9.159339953157541e-16,-0.06744962556139478,0.2796063589743576,False
Barley|Minnesota|2020|spring,1.2850831510036187e-14,0.17077446054017373,-0.8077685470085472,False
Barley|Minnesota|2021|spring,3.885780586188048e-16,-0.0798780999513135,-0.388643452991452,True
Barley|Minnesota|2022|spring,1.5543122344752192e-15,-0.08127458731727377,0.5147816410256429,False
Barley|Minnesota|2023|spring,6.4965394175331426e-15,-0.00588424954106859,0.6111067350427382,False
Barley|Minnesota|2024|spring,1.5265566588595902e-15,0.09683251202509346,0.38463182905983295,True
Barley|Minnesota|2025|spring,3.469446951953614e-15,0.19764717246492594,0.6423569230769282,True
Barley|Montana|2016|spring,4.683753385137379e-16,0.02910414405137741,0.3439889230769162,True
Barley|Montana|2017|spring,1.4432899320127035e-15,-0.18967507420134672,-0.15672813675214714,True
Barley|Montana|2018|spring,1.0998146837692957e-14,0.05834031855716103,0.09575480341879716,True
Barley|Montana|2019|spring,8.049116928532385e-16,0.21461495983674683,0.24063774358973422,True
Barley|Montana|2020|spring,3.892719480091955e-15,-0.04871481480095749,0.43942068376067134,False
Barley|Montana|2021|spring,1.304512053934559e-15,-0.2159439096873657,-0.9221963760683844,True
Barley|Montana|2022|spring,4.6351811278100286e-15,-0.1622232338659768,-0.7773134358974474,True
Barley|Montana|2023|spring,5.689893001203927e-15,-0.05032550405915829,-0.3634304957265031,True
Barley|Montana|2024|spring,1.3385126340637044e-14,-0.04392581484740475,-0.27234755555556633,True
Barley|Montana|2025|spring,2.789435349370706e-15,0.11880062177644168,-0.12746461538462217,False
Barley|North Dakota|2016|spring,8.798517470154366e-15,0.10748522739939123,0.25977169230768604,True
Barley|North Dakota|2017|spring,3.4416913763379853e-15,-0.26283964028661605,0.1263450940170867,False
Barley|North Dakota|2018|spring,1.6514567491299204e-15,-0.08341853449304563,0.584718495726487,False
Barley|North Dakota|2019|spring,8.326672684688674e-16,0.1111387390642616,0.4512918974358944,True
Barley|North Dakota|2020|spring,1.3600232051658168e-15,-0.23394220007857963,-0.058734700854705224,True
Barley|North Dakota|2021|spring,7.216449660063518e-16,-0.2123309608501239,-0.730261299145305,True
Barley|North Dakota|2022|spring,2.581268532253489e-15,-0.0655724938561371,0.42761210256410287,False
Barley|North Dakota|2023|spring,5.835609773185979e-15,0.019198323559082457,0.2941855042735031,True
Barley|North Dakota|2024|spring,5.662137425588298e-15,0.070963362740531,0.42975890598290345,True
Barley|North Dakota|2025|spring,2.7087707077377843e-15,0.007452319048560097,0.6191323076923112,True
Barley|South Dakota|2018|spring,6.938893903907228e-17,0.06159117384162116,0.5849523076923187,True
Barley|South Dakota|2019|spring,8.1601392309949e-15,-0.13158218123033577,-0.05695076923075826,True
Barley|South Dakota|2020|spring,4.147723831060546e-15,-0.005238445213310086,0.0005461538461655202,False
Barley|South Dakota|2021|spring,6.4791921827733745e-16,-0.004559282085669028,-1.2869569230769113,True
Barley|South Dakota|2022|spring,2.248201624865942e-15,-0.12044158812487755,0.5459400000000123,False
Barley|South Dakota|2023|spring,1.7069679003611782e-15,0.03195018467957455,0.44203692307693565,True
Barley|South Dakota|2024|spring,1.3029508028061798e-14,0.0020467987961287635,0.7147338461538597,True
Barley|South Dakota|2025|spring,9.686695889854491e-15,-0.1709416561457145,0.34183076923078337,False
Barley|Washington|2016|spring,1.6653345369377348e-15,-0.154202781623957,0.6643498461538346,False
Barley|Washington|2017|spring,2.4147350785597155e-15,-0.09585371948269317,-0.6376738119658238,True
Barley|Washington|2018|spring,1.5543122344752192e-15,-0.2533201719239182,0.4277025299145176,False
Barley|Washington|2019|spring,4.718447854656915e-16,-0.019952972257855327,0.2555788717948584,False
Barley|Washington|2020|spring,1.339206523454095e-15,0.025789476344875932,1.3208552136752,True
Barley|Washington|2021|spring,2.3314683517128287e-15,-0.5080643372863436,-1.4875684444444555,True
Barley|Washington|2022|spring,1.0130785099704553e-15,-0.058381272214644765,0.976607897435886,False
Barley|Washington|2023|spring,4.163336342344337e-16,-0.09471115729168574,-0.7020157606837731,True
Barley|Washington|2024|spring,9.43689570931383e-16,-0.311744478330572,-0.013239418803431935,True
Barley|Washington|2025|spring,6.106226635438361e-16,-0.29531335566241357,-0.9386630769230906,True
Canola|Minnesota|2016|spring,1.6514567491299204e-15,0.07825096612509123,-0.007122807017545307,False
Canola|Minnesota|2017|spring,1.0103029524088925e-14,0.07862304748607019,0.39062017543859673,True
Canola|Minnesota|2018|spring,9.58955137519979e-15,0.09100998522610043,0.3399631578947391,True
Canola|Minnesota|2019|spring,7.73686670285656e-16,-0.01613936128374538,0.5470061403508737,False
Canola|Minnesota|2020|spring,1.4613310561628623e-14,0.11741972387263541,-0.26585087719298395,False
Canola|Minnesota|2021|spring,2.2065682614424986e-15,-0.07648133304280581,-0.1484078947368419,True
Canola|Minnesota|2022|spring,2.7200464103316335e-15,-0.06385421959568419,0.6191350877192932,False
Canola|Minnesota|2023|spring,2.883977778811442e-16,-0.003005461063787681,0.6581780701754352,False
Canola|Minnesota|2024|spring,8.326672684688674e-17,0.1375807065787516,0.15912105263157716,True
Canola|Minnesota|2025|spring,1.915134717478395e-15,0.13079404658475774,0.42236403508771936,True
Canola|Montana|2016|spring,1.1712852909795402e-14,0.0457429490954752,0.11610514705883856,True
Canola|Montana|2017|spring,3.3306690738754696e-16,-0.16353689217571682,-0.8248975490195913,True
Canola|Montana|2018|spring,4.9404924595819466e-15,0.051905542444165634,-0.5665002450980212,False
Canola|Montana|2019|spring,9.769962616701378e-15,0.1669559134485305,-0.22980294117645128,False
Canola|Montana|2020|spring,1.7208456881689926e-15,0.12520774095614212,-0.061105637254895484,False
Canola|Montana|2021|spring,1.3877787807814457e-15,-0.18294733667076388,-0.9124083333333255,True
Canola|Montana|2022|spring,3.3861802251067274e-15,-0.12582100175013386,-0.7998110294117553,True
Canola|Montana|2023|spring,5.43315392675936e-15,-0.03195730312448937,-0.39581372549018545,True
Canola|Montana|2024|spring,4.503342143635791e-15,-0.0335094089073903,-0.8660164215686152,True
Canola|Montana|2025|spring,5.898059818321144e-15,0.10171772737090437,-0.6862191176470454,False
Canola|North Dakota|2016|spring,2.4077961846558082e-15,0.06229092761627103,0.18139300000000302,True
Canola|North Dakota|2017|spring,2.7755575615628914e-16,-0.156610496108454,-0.10666138461537678,True
Canola|North Dakota|2018|spring,2.1510571102112408e-15,-0.07124432112607162,0.27778423076923575,False
Canola|North Dakota|2019|spring,9.686695889854491e-15,0.0696357662303198,0.07932984615384875,True
Canola|North Dakota|2020|spring,1.3322676295501878e-15,-0.12878759658587705,0.2508754615384685,False
Canola|North Dakota|2021|spring,5.218048215738236e-15,-0.139512769482262,-0.47437892307691865,True
Canola|North Dakota|2022|spring,4.739264536368637e-15,-0.03133622899484841,0.044566692307693945,False
Canola|North Dakota|2023|spring,6.3976601794024646e-15,0.03680098228829011,0.014312307692314175,True
Canola|North Dakota|2024|spring,1.124100812432971e-15,0.04388412303143051,0.05135792307692677,True
Canola|North Dakota|2025|spring,1.844011054963346e-15,0.010828347665379944,0.32370353846153943,True
Canola|Oklahoma|2016|spring,1.7024576193236385e-14,0.02292476971238768,0.6501000000000023,True
Canola|Oklahoma|2017|spring,2.527492104498208e-15,0.01163992929384924,0.4523714285714402,True
Canola|Oklahoma|2018|spring,1.3877787807814457e-15,0.12970988945377848,0.17614285714287803,True
Canola|Oklahoma|2019|spring,5.898059818321144e-15,0.06737557093722081,0.852714285714316,True
Canola|Oklahoma|2020|spring,2.250977182427505e-14,0.03764145254272629,1.0696857142857539,True
Canola|Oklahoma|2021|spring,4.355196758787372e-14,0.026492916180401272,1.1745571428571917,True
Canola|Oklahoma|2022|spring,2.609024107869118e-15,0.12511322350935533,0.30432857142862946,True
Canola|Oklahoma|2023|spring,5.5164206536062466e-15,0.03995936472350194,0.4989000000000674,True
Canola|Oklahoma|2024|spring,9.020562075079397e-16,0.05826974508149909,1.7021714285714769,True
Canola|Oklahoma|2025|spring,1.1934897514720433e-15,0.06743506387870955,0.9440428571429147,True
Canola|Washington|2016|spring,9.992007221626409e-16,-0.14908815814481519,1.2553899999999967,False
Canola|Washington|2017|spring,1.5265566588595902e-16,-0.06544899699320736,1.143280000000023,False
Canola|Washington|2018|spring,1.887379141862766e-15,-0.23327498081238374,1.513170000000049,False
Canola|Washington|2019|spring,8.083811398051921e-16,-0.0218951190576297,1.9391600000000753,False
Canola|Washington|2020|spring,1.8665624601510444e-15,-0.011532785107004053,2.499550000000044,False
Canola|Washington|2021|spring,2.831068712794149e-15,-0.32264931909063777,1.4795400000000705,False
Canola|Washington|2022|spring,1.1171619185290638e-15,-0.052372503802295814,2.3986300000000966,False
Canola|Washington|2023|spring,1.3600232051658168e-15,-0.053769545747459624,2.5780200000001225,False
Canola|Washington|2024|spring,1.0547118733938987e-15,-0.21542902359057003,3.0263100000001484,False
Canola|Washington|2025|spring,2.7755575615628914e-16,-0.2584513172375297,2.9479000000001747,False
Oats|Colorado|2016|spring,4.107825191113079e-15,0.13245161805553113,0.3700559999999782,True
Oats|Colorado|2017|spring,2.437286483747414e-15,-0.009809011894612054,-0.18478030769233067,True
Oats|Colorado|2018|spring,9.488937413593135e-16,0.011155756944416641,-0.739616615384632,False
Oats|Illinois|2016|spring,1.0963452368173421e-14,-0.03879367473385857,0.15521876923075606,False
Oats|Illinois|2017|spring,1.3183898417423734e-14,0.12339140705173642,0.06405805128203834,True
Oats|Illinois|2018|spring,4.177908019542542e-14,0.049104317873812205,0.18809733333332757,True
Oats|Illinois|2019|spring,9.33975119465913e-15,-0.009217823792001097,-0.47696338461539023,True
Oats|Illinois|2020|spring,3.2737701438634303e-14,0.0664634244360113,-0.7475241025641082,False
Oats|Illinois|2021|spring,1.7034984534092246e-15,0.004829961058615412,0.12971517948717404,True
Oats|Illinois|2022|spring,1.6903145549918008e-14,0.08964066647359001,0.1102544615384562,True
Oats|Illinois|2023|spring,2.3765711620882257e-14,0.05764231071560899,0.3417937435897387,True
Oats|Illinois|2024|spring,1.1157741397482823e-14,0.1280853917684011,0.42993302564102054,True
Oats|Illinois|2025|spring,2.8727020762175925e-15,0.07708273273687305,0.6257723076923027,True
Oats|Iowa|2016|spring,3.0531133177191805e-16,-0.03288238419367035,0.16343753846153763,False
Oats|Iowa|2017|spring,1.582067810090848e-15,0.17450046632578678,0.18681866666666647,True
Oats|Iowa|2018|spring,4.891920202254596e-15,-0.034768340099727096,-0.3279002051282047,True
Oats|Iowa|2019|spring,5.551115123125783e-17,-0.08624030379087941,-0.5197190769230793,True
Oats|Iowa|2020|spring,7.632783294297951e-16,0.10283955192305774,0.18506205128205,True
Oats|Iowa|2021|spring,8.708311849403572e-16,0.024195843961116726,0.13674317948717896,True
Oats|Iowa|2022|spring,1.27675647831893e-15,0.16669319040495223,0.303524307692308,True
Oats|Iowa|2023|spring,4.468647674116255e-15,0.044007582599442055,0.21930543589743712,True
Oats|Iowa|2024|spring,2.67841304690819e-15,0.0382274387057282,0.278486564102566,True
Oats|Iowa|2025|spring,3.698430450782553e-15,-0.04847048860025009,0.6246676923076948,False
Oats|Kansas|2016|spring,3.068552356655374e-14,-0.01279374197071489,0.2778387692307751,False
Oats|Kansas|2017|spring,4.593547764386585e-15,0.10025309460723883,0.17130574358974981,True
Oats|Kansas|2018|spring,2.1507101655160454e-14,0.025402475961534592,-0.00692728205127513,False
Oats|Kansas|2019|spring,1.1858569681777453e-14,-0.053410895370374314,0.5321396923076995,False
Oats|Kansas|2020|spring,1.0935696792557792e-14,0.1430337050569678,0.10280666666667404,True
Oats|Kansas|2021|spring,5.981326545168031e-15,0.036816464082212584,0.03217364102564879,True
Oats|Kansas|2022|spring,1.394717674685353e-15,-0.024543025936103125,-0.2895593846153768,True
Oats|Kansas|2023|spring,4.2049697057677804e-15,0.04128670445665035,0.6081075897435979,True
Oats|Kansas|2024|spring,3.969047313034935e-15,0.028541117704514264,0.609174564102573,True
Oats|Kansas|2025|spring,2.6816222853387472e-14,0.005831354393996354,0.32334153846154745,True
Oats|Minnesota|2016|spring,2.345346139520643e-15,0.0813480242174375,0.01924276923076107,True
Oats|Minnesota|2017|spring,1.3627987627273797e-14,0.08061947279246952,0.2538855384615304,True
Oats|Minnesota|2018|spring,2.2343238370581275e-15,0.061312038314129916,-0.33627169230770004,False
Oats|Minnesota|2019|spring,8.604228440844963e-16,-0.06784496034921395,-0.24502892307693047,True
Oats|Minnesota|2020|spring,3.913536161803677e-15,0.08847273060516145,-0.11798615384616129,False
Oats|Minnesota|2021|spring,1.835337437583462e-15,-0.014047749951756946,-0.45714338461539183,True
Oats|Minnesota|2022|spring,2.3592239273284576e-16,-0.08012006998708915,-0.33000061538462244,True
Oats|Minnesota|2023|spring,3.757411048965764e-15,0.012258973552721339,0.22754215384615417,True
Oats|Minnesota|2024|spring,8.326672684688674e-17,0.09339930029705688,0.6056849230769235,True
Oats|Minnesota|2025|spring,3.58046925441613e-15,0.13979091296574975,0.5534276923076931,True
Oats|Montana|2016|spring,2.338407245616736e-15,0.027455894386924067,-0.255666769230777,False
Oats|Montana|2017|spring,3.3306690738754696e-16,-0.18961832921485702,-0.26152755555556384,True
Oats|Montana|2018|spring,4.4825254619240695e-15,0.07056229641349829,-0.4108883418803506,False
Oats|Montana|2019|spring,6.217248937900877e-15,0.16212839797722592,0.013650871794862462,True
Oats|Montana|2020|spring,3.3931191190106347e-15,-0.027122269108493476,-0.35090991452992415,True
Oats|Montana|2021|spring,5.551115123125783e-17,-0.1596972403170121,-0.715370700854711,True
Oats|Montana|2022|spring,3.219646771412954e-15,-0.13053569572519746,-0.6136314871794961,True
Oats|Montana|2023|spring,5.753210408077081e-15,-0.003138404249593814,-0.655392273504283,True
Oats|Montana|2024|spring,6.8833827526759706e-15,-0.01902838545622138,-0.8047530598290698,True
Oats|Montana|2025|spring,2.6020852139652106e-15,0.056047341434843204,-0.4160138461538565,False
Oats|Nebraska|2016|spring,1.3225531780847177e-14,0.1249943694749566,-0.33155353846154245,False
Oats|Nebraska|2017|spring,2.040034807748725e-15,0.1227145907763418,-0.749179726495733,False
Oats|Nebraska|2018|spring,3.157196726277789e-15,0.0421909062880514,-0.05500591452991621,False
Oats|Nebraska|2019|spring,9.742207041085749e-15,0.06820889330483,-0.2933321025641069,False
Oats|Nebraska|2020|spring,2.886579864025407e-15,-0.155284370788836,-0.3164582905982902,True
Oats|Nebraska|2021|spring,4.628242233906121e-15,-0.050411198005094304,-0.5905844786324805,True
Oats|Nebraska|2022|spring,5.773159728050814e-15,-0.2300911593394018,-0.793110666666671,True
Oats|Nebraska|2023|spring,7.632783294297951e-16,0.08097481924855866,-0.7444368547008542,False
Oats|Nebraska|2024|spring,1.0401401961956935e-14,0.041881042633276855,-0.19376304273504452,False
Oats|Nebraska|2025|spring,2.833844270355712e-14,0.1229984855413004,-0.8982892307692278,False
Oats|North Dakota|2016|spring,1.1518563880486e-15,0.06830214377068408,0.10842953846152126,True
Oats|North Dakota|2017|spring,9.43689570931383e-16,-0.2893549139792607,-0.19199647863249458,True
Oats|North Dakota|2018|spring,6.349087922075114e-15,-0.03496164144829818,0.65527750427349,False
Oats|North Dakota|2019|spring,1.149080830487037e-14,0.11492444190526963,0.7852514871794707,True
Oats|North Dakota|2020|spring,2.220446049250313e-15,-0.22136207249666634,0.4847254700854551,False
Oats|North Dakota|2021|spring,4.524158825347513e-15,-0.20848659329314656,-0.6048005470085607,True
Oats|North Dakota|2022|spring,7.167714772410294e-15,-0.00034848930292003395,0.24247343589741988,False
Oats|North Dakota|2023|spring,5.703770789011742e-15,0.06675684805862869,0.3724474188034046,True
Oats|North Dakota|2024|spring,2.1892210266827306e-15,0.02602612368344801,1.1480214017093888,True
Oats|North Dakota|2025|spring,1.994931997373328e-15,0.028851901131259433,0.3812953846153695,True
Oats|Oklahoma|2016|spring,4.718447854656915e-15,0.03185499056776306,0.1963378461538472,True
Oats|Oklahoma|2017|spring,4.3368086899420177e-16,0.019176307122506397,0.16210646153846242,True
Oats|Oklahoma|2018|spring,2.6120598739520773e-15,-0.0032177054420276067,0.37897507692307775,False
Oats|Oklahoma|2019|spring,4.889318117040631e-15,0.006773522603783428,0.45244369230769355,True
Oats|Oklahoma|2020|spring,1.5411283360577954e-14,0.04988570800264122,0.2747123076923088,True
Oats|Oklahoma|2021|spring,3.026051631493942e-14,-0.008861787789992342,0.2763809230769241,False
Oats|Oklahoma|2022|spring,1.8596235662471372e-15,0.0687514948514421,-0.6186504615384607,False
Oats|Oklahoma|2023|spring,8.482797797526587e-15,-0.013573196245422997,0.8177181538461546,False
Oats|South Dakota|2016|spring,2.90878432451791e-14,0.09897590661373049,0.09558061538458551,True
Oats|South Dakota|2017|spring,2.095545958979983e-15,0.0157225524254422,-0.37259859829062236,False
Oats|South Dakota|2018|spring,4.135580766728708e-15,0.06687302069975695,0.020022188034169996,True
Oats|South Dakota|2019|spring,9.18709552877317e-15,-0.09620449031340934,-0.01775702564105197,True
Oats|South Dakota|2020|spring,1.6653345369377348e-15,-0.1435079219920811,-0.23483623931625974,True
Oats|South Dakota|2021|spring,8.951173136040325e-15,-0.08261910197782696,-0.6313154529914677,True
Oats|South Dakota|2022|spring,4.746203430272544e-15,-0.07823174924961529,-0.20279466666668933,True
Oats|South Dakota|2023|spring,7.424616477180734e-16,0.03400073392981872,-0.45577388034189736,False
Oats|South Dakota|2024|spring,1.482147737874584e-14,0.10725548436606755,0.00854690598289487,True
Oats|South Dakota|2025|spring,8.007483565108942e-15,0.07801507565225028,-0.10093230769231276,False
Oats|Texas|2016|spring,4.124305064134859e-16,0.0032457564814798445,0.19282676923076547,True
Oats|Texas|2017|spring,1.2538581284360362e-14,0.04804815740740531,0.011869777777773871,True
Oats|Texas|2018|spring,6.675215935558754e-15,0.025230684483106287,0.18971278632478228,True
Oats|Texas|2019|spring,1.6792123247455493e-15,0.0969265269688617,0.18815579487179068,True
Oats|Texas|2020|spring,1.2462253451417382e-14,0.0447093373852291,0.007198803418799082,True
Oats|Texas|2021|spring,7.178285743592028e-15,0.015903702636597954,0.005641811965807486,True
Oats|Texas|2022|spring,2.886579864025407e-15,-0.1581706557590618,0.3627848205128157,False
Oats|Texas|2023|spring,3.191891195797325e-16,-0.10745099873830417,0.3253278290598238,False
Oats|Texas|2024|spring,1.169203622808368e-15,0.019797128245825257,0.036870837606832074,True
Oats|Texas|2025|spring,2.914335439641036e-16,0.03598640640007961,0.2864138461538406,True
Oats|Washington|2016|spring,6.38378239159465e-16,-0.14639825162771314,-0.36551353846154067,True
Oats|Washington|2017|spring,4.0939474033052647e-16,-0.05455859890073461,-1.0498706666666686,True
Oats|Washington|2018|spring,5.551115123125783e-17,-0.2863600722098576,-0.9092277948717975,True
Wheat|Colorado|2016|winter,2.498001805406602e-16,0.10154956079058952,0.9569996923076922,True
Wheat|Colorado|2017|winter,3.3306690738754696e-16,-0.32048806346154396,0.6186087863247867,False
Wheat|Colorado|2018|winter,2.220446049250313e-16,-0.3826279246438828,0.13911788034188044,False
Wheat|Colorado|2019|winter,4.440892098500626e-16,0.2724096202991386,1.004526974358975,True
Wheat|Colorado|2020|winter,8.326672684688674e-17,-0.12764209935898044,-0.47706393162393135,True
Wheat|Colorado|2021|winter,6.661338147750939e-16,-0.09497447743947038,0.19334516239316324,False
Wheat|Colorado|2022|winter,5.551115123125783e-17,-0.2194477019230842,-0.6157457435897433,True
Wheat|Colorado|2023|winter,3.885780586188048e-15,0.14726434205651712,0.458163350427351,True
Wheat|Colorado|2024|winter,3.0531133177191805e-16,0.1580529679487026,0.052572444444444866,True
Wheat|Colorado|2025|winter,9.992007221626409e-16,-0.25375058767807096,0.2521815384615391,False
Wheat|Illinois|2016|winter,3.885780586188048e-16,0.03869400713050465,0.4122187692307149,True
Wheat|Illinois|2017|winter,1.124100812432971e-15,-0.09739244338314543,0.48930762393157323,False
Wheat|Illinois|2018|winter,1.4224732503009818e-16,-0.01926866444560555,-0.2406035213675688,True
Wheat|Illinois|2019|winter,2.55351295663786e-15,-0.13174448694431407,-0.2308146666667108,True
Wheat|Illinois|2020|winter,1.6375789613221059e-15,-0.15806772964654772,-0.22092581196585215,True
Wheat|Illinois|2021|winter,4.3298697960381105e-15,-0.1523948343508877,0.46136304273500617,False
Wheat|Illinois|2022|winter,1.8041124150158794e-15,0.07303276408658568,0.40395189743586446,True
Wheat|Illinois|2023|winter,1.4155343563970746e-15,0.19403186783786303,0.8845407521367221,True
Wheat|Illinois|2024|winter,1.9290125052862095e-15,0.12499781958684686,0.7599296068375665,True
Wheat|Illinois|2025|winter,1.582067810090848e-15,0.16257145705125203,0.8370184615384249,True
Wheat|Iowa|2016|winter,1.3357370765021415e-16,-0.014117371652465294,0.5427403076922674,False
Wheat|Iowa|2017|winter,4.996003610813204e-16,0.14706896200137395,0.8372404444444079,True
Wheat|Iowa|2018|winter,2.667137344314341e-15,0.006368151406658458,0.1229405811965476,True
Wheat|Kansas|2016|winter,4.191091917959966e-15,0.21848871066407383,1.245912615384615,True
Wheat|Kansas|2017|winter,5.3013149425851225e-15,-0.03596454629630476,0.6374859145299139,False
Wheat|Kansas|2018|winter,2.498001805406602e-16,-0.23840795984818194,-0.0381407863247869,True
Wheat|Kansas|2019|winter,7.771561172376096e-16,-0.2831922209336391,0.9003325128205129,False
Wheat|Kansas|2020|winter,1.1379786002407855e-15,0.1458870823767556,0.4264058119658123,True
Wheat|Kansas|2021|winter,4.496403249731884e-15,0.13573170883189772,0.894079111111111,True
Wheat|Kansas|2022|winter,3.5318969970887792e-15,0.05358362451668334,-0.11784758974358933,False
Wheat|Kansas|2023|winter,6.661338147750939e-16,-0.19042316989851363,-0.25547429059828985,True
Wheat|Kansas|2024|winter,3.4555691641457997e-15,0.026788149047350086,0.2793990085470086,True
Wheat|Kansas|2025|winter,3.400058012914542e-15,-0.04861433455447413,0.8142723076923084,False
Wheat|Minnesota|2016|spring,1.582067810090848e-15,0.14769699434706093,0.06901661538455839,True
Wheat|Minnesota|2017|spring,1.2975731600306517e-14,0.07435241849129488,0.5392127179486739,True
Wheat|Minnesota|2018|spring,1.0508954817467497e-14,0.02111884980570963,-0.053191179487225515,False
Wheat|Minnesota|2019|spring,1.8110513089197866e-15,-0.04306577003022258,-0.24879507692312464,True
Wheat|Minnesota|2020|spring,1.469657728847551e-14,0.10019751615340214,-0.5788989743590096,False
Wheat|Minnesota|2021|spring,5.828670879282072e-16,-0.06396131252051056,-0.9763028717949083,True
Wheat|Minnesota|2022|spring,1.8596235662471372e-15,-0.12203889946961088,-0.1631067692308079,True
Wheat|Minnesota|2023|spring,3.406996906818449e-15,-0.008170006113525214,-0.1569106666667066,True
Wheat|Minnesota|2024|spring,1.6653345369377348e-16,0.1369432663700722,0.2190854358974086,True
Wheat|Minnesota|2025|spring,2.3592239273284576e-15,0.1548270009774239,0.19158153846150938,True
Wheat|Montana|2016|spring,4.288236432614667e-15,0.015793807145276523,0.5056507692307601,True
Wheat|Montana|2017|spring,8.326672684688674e-16,-0.16885493102638882,-0.5228147008547082,True
Wheat|Montana|2018|spring,8.708311849403572e-15,0.05773776673154283,0.20381982905981966,True
Wheat|Montana|2019|spring,5.3013149425851225e-15,0.14309104135328818,0.4664543589743513,True
Wheat|Montana|2020|spring,2.9837243786801082e-15,-0.03526002697101863,0.4063888888888827,False
Wheat|Montana|2021|spring,7.771561172376096e-16,-0.13676560027700593,-0.918076581196589,True
Wheat|Montana|2022|spring,8.132383655379272e-15,-0.17605804248416076,-0.5209420512820575,True
Wheat|Montana|2023|spring,2.831068712794149e-15,-0.030146601071126912,0.06449247863247054,False
Wheat|Montana|2024|spring,8.743006318923108e-15,-0.04812295125842066,-0.15697299145299803,True
Wheat|Montana|2025|spring,1.2351231148954867e-14,0.07001067219069955,0.018261538461533444,True
Wheat|Nebraska|2016|winter,6.994405055138486e-15,0.19466512234497899,0.6704923076923008,True
Wheat|Nebraska|2017|winter,1.457167719820518e-16,-0.04285624793554018,0.10962991452990556,False
Wheat|Nebraska|2018|winter,9.575673587391975e-16,0.10913172108260025,0.2886675213675103,True
Wheat|Nebraska|2019|winter,1.942890293094024e-16,0.19450256367518334,0.8039051282051219,True
Wheat|Nebraska|2020|winter,9.159339953157541e-16,0.1885808126780409,-0.2948572649572734,False
Wheat|Nebraska|2021|winter,6.245004513516506e-17,-0.057291751017515026,0.22038034188033873,False
Wheat|Nebraska|2022|winter,8.604228440844963e-16,-0.19132583976904288,-0.9456820512820565,True
Wheat|Nebraska|2023|winter,2.7755575615628914e-17,-0.195560895868961,-0.2959444444444448,True
Wheat|Nebraska|2024|winter,1.1449174941446927e-15,0.0611695655167378,0.35389316239316004,True
Wheat|Nebraska|2025|winter,2.3037127760972e-15,-0.05753310799634008,-0.005169230769235256,True
Wheat|North Dakota|2016|spring,3.7470027081099033e-16,0.07904301677824635,0.16210338461537166,True
Wheat|North Dakota|2017|spring,4.440892098500626e-16,-0.25945156074701525,-0.3514419487179623,True
Wheat|North Dakota|2018|spring,2.2620794126737565e-15,-0.07860961675729476,0.26481271794871786,False
Wheat|North Dakota|2019|spring,9.159339953157541e-15,0.08424812938461616,0.2825673846153842,True
Wheat|North Dakota|2020|spring,8.881784197001252e-16,-0.23005962989674694,0.19272205128205,False
Wheat|North Dakota|2021|spring,3.552713678800501e-15,-0.19144571806166824,-0.8789232820512836,True
Wheat|North Dakota|2022|spring,1.5265566588595902e-16,-0.04891601318085524,0.2081313846153825,False
Wheat|North Dakota|2023|spring,3.3792413312028202e-15,0.016889611233996394,0.05098605128204836,True
Wheat|North Dakota|2024|spring,1.9220736113823023e-15,0.016463947495604085,0.6740407179487145,True
Wheat|North Dakota|2025|spring,1.465841337200402e-15,0.00924823113864726,0.3622953846153947,True
Wheat|Oklahoma|2016|winter,1.5543122344752192e-15,0.16198017877492468,0.7009809230769246,True
Wheat|Oklahoma|2017|winter,8.93729534823251e-15,0.17256015363247643,0.3689926153846166,True
Wheat|Oklahoma|2018|winter,9.020562075079397e-16,-0.05193794318274747,-0.03019569230769026,True
Wheat|Oklahoma|2019|winter,4.510281037539698e-16,-0.049401451072138475,0.7811160000000013,False
Wheat|Oklahoma|2020|winter,1.942890293094024e-16,0.14252922904964702,0.7854276923076946,True
Wheat|Oklahoma|2021|winter,1.970645868709653e-15,0.09744744280626079,0.722539384615386,True
Wheat|Oklahoma|2022|winter,8.076872504148014e-15,-0.09836929600631167,-0.012948923076922192,True
Wheat|Oklahoma|2023|winter,8.465450562766819e-15,0.11189175885606557,-0.008637230769228843,False
Wheat|Oklahoma|2024|winter,8.000544671205034e-15,-0.05278083749603805,0.6681744615384626,False
Wheat|Oklahoma|2025|winter,1.2490009027033011e-15,0.12830305555555407,0.6724861538461542,True
Wheat|South Dakota|2016|spring,1.9567680809018384e-14,0.03266331826410918,0.2249199999999636,True
Wheat|South Dakota|2017|spring,4.642120021713936e-15,0.01998100782073544,-0.9525659829060222,False
Wheat|South Dakota|2018|spring,4.364564265557647e-15,0.04143563933707135,-0.3545519658119938,False
Wheat|South Dakota|2019|spring,7.452372052796363e-15,-0.11393599625883928,-0.15323794871797958,True
Wheat|South Dakota|2020|spring,4.440892098500626e-15,-0.1264224295597503,0.04797606837603485,False
Wheat|South Dakota|2021|spring,2.3175905639050143e-15,-0.07858391833924747,-1.1967099145299507,True
Wheat|South Dakota|2022|spring,2.914335439641036e-16,-0.08542511710840969,-0.16819589743592234,True
Wheat|South Dakota|2023|spring,1.285430095698814e-15,-0.0030099196750860064,-0.5520818803419081,True
Wheat|South Dakota|2024|spring,1.314226505400029e-14,0.04072684347912004,0.18043213675210623,True
Wheat|South Dakota|2025|spring,2.8657631823136853e-15,0.02485482440982236,-0.2773538461538654,False
Wheat|Texas|2016|winter,9.992007221626409e-15,0.1879615800971433,0.15185015384615586,True
Wheat|Texas|2017|winter,2.7755575615628914e-17,0.017480365239615887,-0.04741336752136549,False
Wheat|Texas|2018|winter,6.522560269672795e-15,-0.13335298376068833,0.1567231111111127,False
Wheat|Texas|2019|winter,1.6653345369377348e-16,0.12077734761154746,0.29365958974359163,True
Wheat|Texas|2020|winter,4.184153024056059e-15,0.05854608093095609,0.02709606837607037,True
Wheat|Texas|2021|winter,1.7416623698807143e-15,-0.04656489725387349,0.5003325470085485,False
Wheat|Texas|2022|winter,4.718447854656915e-16,-0.18482210265568194,0.031969025641027216,False
Wheat|Texas|2023|winter,1.85268467234323e-15,-0.04011825754350588,0.5052055042735053,False
Wheat|Texas|2024|winter,1.3600232051658168e-15,0.20244690335520935,0.10414198290598398,True
Wheat|Texas|2025|winter,3.566591466608315e-15,-0.09693163213268491,0.510078461538463,False
Wheat|Washington|2016|winter,1.1449174941446927e-16,-0.018164708974379627,0.7188430769230747,False
Wheat|Washington|2017|winter,3.6914915568786455e-15,0.12511223098289395,0.380880170940169,True
Wheat|Washington|2018|winter,1.8388068845354155e-16,0.01598633240738852,0.6549172649572625,True
Wheat|Washington|2019|winter,5.10702591327572e-15,0.057528732407395686,0.236154358974356,True
Wheat|Washington|2020|winter,5.218048215738236e-15,0.239995759544147,0.7455914529914498,True
Wheat|Washington|2021|winter,1.5265566588595902e-16,0.08000773930102628,-1.502371452991456,False
Wheat|Washington|2022|winter,6.38378239159465e-16,0.16625802962961597,0.12336564102563763,True
Wheat|Washington|2023|winter,5.551115123125783e-17,-0.31774191360401105,-0.7525972649572652,True
Wheat|Washington|2024|winter,2.0122792321330962e-15,-0.06812455121083982,0.1535398290598291,False
Wheat|Washington|2025|winter,2.7755575615628914e-16,0.0415420725783269,0.04417692307692267,True
